id,name,email
1,Emma Walker,emma.walker1@example.com
2,Logan Brown,logan.brown2@example.com
3,Ava Harris,ava.harris3@example.com
4,Harper Thomas,harper.thomas4@example.com
5,Sophia Thompson,sophia.thompson5@example.com
6,Sophia Walker,sophia.walker6@example.com
7,Amelia Lee,amelia.lee7@example.com
8,Mason Rodriguez,mason.rodriguez8@example.com
9,Mia Lee,mia.lee9@example.com
10,Sophia Martinez,sophia.martinez10@example.com
11,Sophia Robinson,sophia.robinson11@example.com
12,Ethan Brown,ethan.brown12@example.com
13,Jane Harris,jane.harris13@example.com
14,John Robinson,john.robinson14@example.com
15,Amelia Brown,amelia.brown15@example.com
16,Mike Walker,mike.walker16@example.com
17,Olivia Martin,olivia.martin17@example.com
18,Jane Walker,jane.walker18@example.com
19,Mia Taylor,mia.taylor19@example.com
20,Harper Harris,harper.harris20@example.com
21,Elijah Brown,elijah.brown21@example.com
22,John White,john.white22@example.com
23,Ethan Rodriguez,ethan.rodriguez23@example.com
24,Ethan Martinez,ethan.martinez24@example.com
25,Sarah Martin,sarah.martin25@example.com
26,Mia Clark,mia.clark26@example.com
27,Noah Robinson,noah.robinson27@example.com
28,Ethan Anderson,ethan.anderson28@example.com
29,Mason Harris,mason.harris29@example.com
30,Mason Brown,mason.brown30@example.com
31,Emma Lee,emma.lee31@example.com
32,Mia Brown,mia.brown32@example.com
33,Amelia Clark,amelia.clark33@example.com
34,Ava Walker,ava.walker34@example.com
35,Sarah Harris,sarah.harris35@example.com
36,Mia Thomas,mia.thomas36@example.com
37,Sophia Garcia,sophia.garcia37@example.com
38,Ava Anderson,ava.anderson38@example.com
39,Emma Rodriguez,emma.rodriguez39@example.com
40,Noah Thompson,noah.thompson40@example.com
41,Elijah Thomas,elijah.thomas41@example.com
42,Mia Lewis,mia.lewis42@example.com
43,Noah Johnson,noah.johnson43@example.com
44,Logan Garcia,logan.garcia44@example.com
45,Elijah Thomas,elijah.thomas45@example.com
46,Harper Rodriguez,harper.rodriguez46@example.com
47,Ava Doe,ava.doe47@example.com
48,Jane Garcia,jane.garcia48@example.com
49,Ethan Lee,ethan.lee49@example.com
50,Jane Garcia,jane.garcia50@example.com
51,Logan Taylor,logan.taylor51@example.com
52,Sophia Doe,sophia.doe52@example.com
53,Elijah Taylor,elijah.taylor53@example.com
54,Noah Johnson,noah.johnson54@example.com
55,Ava Lewis,ava.lewis55@example.com
56,Amelia Smith,amelia.smith56@example.com
57,Ethan Martinez,ethan.martinez57@example.com
58,Sarah Walker,sarah.walker58@example.com
59,Sophia Jackson,sophia.jackson59@example.com
60,Mason Rodriguez,mason.rodriguez60@example.com
61,Amelia Lewis,amelia.lewis61@example.com
62,Mike Taylor,mike.taylor62@example.com
63,Mia Walker,mia.walker63@example.com
64,Mason Doe,mason.doe64@example.com
65,John Anderson,john.anderson65@example.com
66,Noah White,noah.white66@example.com
67,Mason White,mason.white67@example.com
68,Amelia Doe,amelia.doe68@example.com
69,Noah Thompson,noah.thompson69@example.com
70,Emma Johnson,emma.johnson70@example.com
71,Ava Clark,ava.clark71@example.com
72,Harper Doe,harper.doe72@example.com
73,Bob White,bob.white73@example.com
74,Ethan Clark,ethan.clark74@example.com
75,Emma Jackson,emma.jackson75@example.com
76,John White,john.white76@example.com
77,Sarah Johnson,sarah.johnson77@example.com
78,Isabella Rodriguez,isabella.rodriguez78@example.com
79,Ava Taylor,ava.taylor79@example.com
80,Mason Lee,mason.lee80@example.com
81,Ethan Smith,ethan.smith81@example.com
82,Jane Garcia,jane.garcia82@example.com
83,Emma Garcia,emma.garcia83@example.com
84,Emma Lewis,emma.lewis84@example.com
85,Amelia Martin,amelia.martin85@example.com
86,Liam Walker,liam.walker86@example.com
87,Elijah Harris,elijah.harris87@example.com
88,Emma Brown,emma.brown88@example.com
89,John Walker,john.walker89@example.com
90,Lucas Harris,lucas.harris90@example.com
91,Noah Doe,noah.doe91@example.com
92,Lucas Harris,lucas.harris92@example.com
93,Bob Thompson,bob.thompson93@example.com
94,John Lewis,john.lewis94@example.com
95,Mia White,mia.white95@example.com
96,Mason Clark,mason.clark96@example.com
97,Noah Martinez,noah.martinez97@example.com
98,Ethan Thomas,ethan.thomas98@example.com
99,Elijah White,elijah.white99@example.com
100,Sophia Harris,sophia.harris100@example.com
101,Mike Johnson,mike.johnson101@example.com
102,Mia Robinson,mia.robinson102@example.com
103,Mia Robinson,mia.robinson103@example.com
104,Ethan Robinson,ethan.robinson104@example.com
105,Mike Brown,mike.brown105@example.com
106,Mia Martin,mia.martin106@example.com
107,Bob Garcia,bob.garcia107@example.com
108,Jane Doe,jane.doe108@example.com
109,Emma Jackson,emma.jackson109@example.com
110,Isabella Doe,isabella.doe110@example.com
111,Ethan Walker,ethan.walker111@example.com
112,Sarah Clark,sarah.clark112@example.com
113,Lucas Rodriguez,lucas.rodriguez113@example.com
114,Elijah Johnson,elijah.johnson114@example.com
115,Elijah Brown,elijah.brown115@example.com
116,Ava Robinson,ava.robinson116@example.com
117,Liam Lee,liam.lee117@example.com
118,Sarah Smith,sarah.smith118@example.com
119,Lucas Lewis,lucas.lewis119@example.com
120,Mike Lee,mike.lee120@example.com
121,Isabella Robinson,isabella.robinson121@example.com
122,Jane Smith,jane.smith122@example.com
123,Mia Martinez,mia.martinez123@example.com
124,Logan Smith,logan.smith124@example.com
125,Isabella Thomas,isabella.thomas125@example.com
126,Olivia Taylor,olivia.taylor126@example.com
127,Liam Thompson,liam.thompson127@example.com
128,Sophia Johnson,sophia.johnson128@example.com
129,Noah Anderson,noah.anderson129@example.com
130,Mike Thomas,mike.thomas130@example.com
131,Liam Anderson,liam.anderson131@example.com
132,John Thomas,john.thomas132@example.com
133,Amelia Walker,amelia.walker133@example.com
134,Elijah Garcia,elijah.garcia134@example.com
135,Isabella Smith,isabella.smith135@example.com
136,Mike Taylor,mike.taylor136@example.com
137,Olivia Brown,olivia.brown137@example.com
138,Amelia Thompson,amelia.thompson138@example.com
139,Sarah Rodriguez,sarah.rodriguez139@example.com
140,Bob Martinez,bob.martinez140@example.com
141,John Brown,john.brown141@example.com
142,Lucas Martinez,lucas.martinez142@example.com
143,Emma Martinez,emma.martinez143@example.com
144,Jane Anderson,jane.anderson144@example.com
145,Logan Thomas,logan.thomas145@example.com
146,Jane Martin,jane.martin146@example.com
147,Ava Doe,ava.doe147@example.com
148,Sarah Jackson,sarah.jackson148@example.com
149,John Martinez,john.martinez149@example.com
150,Mike Jackson,mike.jackson150@example.com
151,Ava Clark,ava.clark151@example.com
152,Lucas Smith,lucas.smith152@example.com
153,Emma Jackson,emma.jackson153@example.com
154,Mason Clark,mason.clark154@example.com
155,Mason Robinson,mason.robinson155@example.com
156,Mike Martinez,mike.martinez156@example.com
157,Noah Thompson,noah.thompson157@example.com
158,Lucas Doe,lucas.doe158@example.com
159,Mason Anderson,mason.anderson159@example.com
160,Liam Martinez,liam.martinez160@example.com
161,John Jackson,john.jackson161@example.com
162,Lucas Taylor,lucas.taylor162@example.com
163,Liam Smith,liam.smith163@example.com
164,Elijah Martinez,elijah.martinez164@example.com
165,Liam Harris,liam.harris165@example.com
166,Olivia Garcia,olivia.garcia166@example.com
167,Sarah Thompson,sarah.thompson167@example.com
168,Bob Walker,bob.walker168@example.com
169,Sophia Smith,sophia.smith169@example.com
170,John Clark,john.clark170@example.com
171,Harper Rodriguez,harper.rodriguez171@example.com
172,Mike White,mike.white172@example.com
173,Ethan Brown,ethan.brown173@example.com
174,Elijah Taylor,elijah.taylor174@example.com
175,Ethan Smith,ethan.smith175@example.com
176,Ava Martin,ava.martin176@example.com
177,Liam Taylor,liam.taylor177@example.com
178,Isabella Johnson,isabella.johnson178@example.com
179,Mason Martin,mason.martin179@example.com
180,Elijah White,elijah.white180@example.com
181,Bob Lee,bob.lee181@example.com
182,Isabella Johnson,isabella.johnson182@example.com
183,Ethan Doe,ethan.doe183@example.com
184,Bob Martin,bob.martin184@example.com
185,Sophia Thompson,sophia.thompson185@example.com
186,Logan Walker,logan.walker186@example.com
187,Sophia Taylor,sophia.taylor187@example.com
188,Harper Johnson,harper.johnson188@example.com
189,Mike Robinson,mike.robinson189@example.com
190,Olivia Martin,olivia.martin190@example.com
191,Mike Harris,mike.harris191@example.com
192,Noah Brown,noah.brown192@example.com
193,Harper Thomas,harper.thomas193@example.com
194,Liam Harris,liam.harris194@example.com
195,Mike White,mike.white195@example.com
196,Isabella Walker,isabella.walker196@example.com
197,Bob Walker,bob.walker197@example.com
198,Harper Clark,harper.clark198@example.com
199,Isabella Doe,isabella.doe199@example.com
200,Ethan Lewis,ethan.lewis200@example.com
201,Liam Martin,liam.martin201@example.com
202,Amelia Martin,amelia.martin202@example.com
203,Mason Taylor,mason.taylor203@example.com
204,Olivia Clark,olivia.clark204@example.com
205,Ethan White,ethan.white205@example.com
206,Elijah Harris,elijah.harris206@example.com
207,Mia Smith,mia.smith207@example.com
208,Isabella Brown,isabella.brown208@example.com
209,Isabella Smith,isabella.smith209@example.com
210,Ethan Lee,ethan.lee210@example.com
211,Bob Smith,bob.smith211@example.com
212,Noah Martinez,noah.martinez212@example.com
213,Logan Jackson,logan.jackson213@example.com
214,Lucas Rodriguez,lucas.rodriguez214@example.com
215,Mason Garcia,mason.garcia215@example.com
216,Logan Lewis,logan.lewis216@example.com
217,Sarah Garcia,sarah.garcia217@example.com
218,Bob Martin,bob.martin218@example.com
219,Lucas Clark,lucas.clark219@example.com
220,Ava Robinson,ava.robinson220@example.com
221,Sarah Rodriguez,sarah.rodriguez221@example.com
222,Bob Johnson,bob.johnson222@example.com
223,Ethan Brown,ethan.brown223@example.com
224,Mike Doe,mike.doe224@example.com
225,Amelia White,amelia.white225@example.com
226,Harper Lee,harper.lee226@example.com
227,Liam Lewis,liam.lewis227@example.com
228,John Lee,john.lee228@example.com
229,Sarah Taylor,sarah.taylor229@example.com
230,Amelia Martin,amelia.martin230@example.com
231,Ethan White,ethan.white231@example.com
232,Isabella Taylor,isabella.taylor232@example.com
233,Sarah Rodriguez,sarah.rodriguez233@example.com
234,Elijah Johnson,elijah.johnson234@example.com
235,Sarah Lee,sarah.lee235@example.com
236,Sophia Thompson,sophia.thompson236@example.com
237,Lucas Taylor,lucas.taylor237@example.com
238,Harper Anderson,harper.anderson238@example.com
239,Liam Johnson,liam.johnson239@example.com
240,Sarah Garcia,sarah.garcia240@example.com
241,John Anderson,john.anderson241@example.com
242,Isabella Robinson,isabella.robinson242@example.com
243,John Anderson,john.anderson243@example.com
244,Mason Harris,mason.harris244@example.com
245,Bob Smith,bob.smith245@example.com
246,Liam Smith,liam.smith246@example.com
247,Jane Clark,jane.clark247@example.com
248,Harper Lewis,harper.lewis248@example.com
249,Emma Smith,emma.smith249@example.com
250,Lucas Walker,lucas.walker250@example.com
251,Amelia Martin,amelia.martin251@example.com
252,Isabella Clark,isabella.clark252@example.com
253,Isabella Martinez,isabella.martinez253@example.com
254,Mia Harris,mia.harris254@example.com
255,Lucas Johnson,lucas.johnson255@example.com
256,Mia Walker,mia.walker256@example.com
257,Sophia Thomas,sophia.thomas257@example.com
258,Harper Robinson,harper.robinson258@example.com
259,John Garcia,john.garcia259@example.com
260,Harper Thomas,harper.thomas260@example.com
261,Elijah Martin,elijah.martin261@example.com
262,Harper Thomas,harper.thomas262@example.com
263,Lucas Clark,lucas.clark263@example.com
264,Logan Doe,logan.doe264@example.com
265,Mason Taylor,mason.taylor265@example.com
266,Liam Johnson,liam.johnson266@example.com
267,Elijah Thompson,elijah.thompson267@example.com
268,Emma Martinez,emma.martinez268@example.com
269,John Walker,john.walker269@example.com
270,Noah Lewis,noah.lewis270@example.com
271,Logan Lewis,logan.lewis271@example.com
272,Sarah Robinson,sarah.robinson272@example.com
273,Ethan Thomas,ethan.thomas273@example.com
274,John Doe,john.doe274@example.com
275,Harper Martin,harper.martin275@example.com
276,Olivia Lee,olivia.lee276@example.com
277,John Lee,john.lee277@example.com
278,Amelia Martinez,amelia.martinez278@example.com
279,Amelia Brown,amelia.brown279@example.com
280,Emma Robinson,emma.robinson280@example.com
281,Logan Anderson,logan.anderson281@example.com
282,Emma Martinez,emma.martinez282@example.com
283,Mason Lewis,mason.lewis283@example.com
284,Mason Lewis,mason.lewis284@example.com
285,Mason Lee,mason.lee285@example.com
286,Noah Lewis,noah.lewis286@example.com
287,Logan Clark,logan.clark287@example.com
288,Jane Harris,jane.harris288@example.com
289,Mia Garcia,mia.garcia289@example.com
290,Mason Harris,mason.harris290@example.com
291,Amelia Harris,amelia.harris291@example.com
292,John Smith,john.smith292@example.com
293,Mia Lee,mia.lee293@example.com
294,Lucas Doe,lucas.doe294@example.com
295,Ava Jackson,ava.jackson295@example.com
296,John Doe,john.doe296@example.com
297,Elijah Martin,elijah.martin297@example.com
298,Ethan Brown,ethan.brown298@example.com
299,Emma Anderson,emma.anderson299@example.com
300,Noah Martin,noah.martin300@example.com
301,Jane Lee,jane.lee301@example.com
302,Mason Robinson,mason.robinson302@example.com
303,Sarah Martin,sarah.martin303@example.com
304,Elijah Doe,elijah.doe304@example.com
305,Mason Robinson,mason.robinson305@example.com
306,Harper Harris,harper.harris306@example.com
307,Harper Rodriguez,harper.rodriguez307@example.com
308,Emma Martin,emma.martin308@example.com
309,Sophia Doe,sophia.doe309@example.com
310,Noah Jackson,noah.jackson310@example.com
311,Mason Smith,mason.smith311@example.com
312,Ethan Doe,ethan.doe312@example.com
313,Harper Thompson,harper.thompson313@example.com
314,John Garcia,john.garcia314@example.com
315,Amelia Garcia,amelia.garcia315@example.com
316,Bob Thompson,bob.thompson316@example.com
317,Jane Smith,jane.smith317@example.com
318,Mike Taylor,mike.taylor318@example.com
319,Mike Martinez,mike.martinez319@example.com
320,John Martinez,john.martinez320@example.com
321,Lucas Walker,lucas.walker321@example.com
322,Liam Martin,liam.martin322@example.com
323,Ethan Anderson,ethan.anderson323@example.com
324,John Brown,john.brown324@example.com
325,John Anderson,john.anderson325@example.com
326,Elijah Lee,elijah.lee326@example.com
327,Sarah Harris,sarah.harris327@example.com
328,Lucas Thomas,lucas.thomas328@example.com
329,Emma Smith,emma.smith329@example.com
330,Mike Martinez,mike.martinez330@example.com
331,Sarah Thompson,sarah.thompson331@example.com
332,Mia Smith,mia.smith332@example.com
333,Olivia Harris,olivia.harris333@example.com
334,Jane Robinson,jane.robinson334@example.com
335,Mike Brown,mike.brown335@example.com
336,Olivia Martinez,olivia.martinez336@example.com
337,Mason Brown,mason.brown337@example.com
338,Emma Martin,emma.martin338@example.com
339,Jane Taylor,jane.taylor339@example.com
340,Sophia Clark,sophia.clark340@example.com
341,Liam Clark,liam.clark341@example.com
342,Harper Harris,harper.harris342@example.com
343,John Garcia,john.garcia343@example.com
344,Mia Thompson,mia.thompson344@example.com
345,Mason Doe,mason.doe345@example.com
346,Isabella Clark,isabella.clark346@example.com
347,Emma Brown,emma.brown347@example.com
348,Sarah Taylor,sarah.taylor348@example.com
349,Isabella Clark,isabella.clark349@example.com
350,Bob Walker,bob.walker350@example.com
351,Mason Lewis,mason.lewis351@example.com
352,Mia Walker,mia.walker352@example.com
353,Sarah Garcia,sarah.garcia353@example.com
354,Lucas Martinez,lucas.martinez354@example.com
355,Mike Robinson,mike.robinson355@example.com
356,Mike Martinez,mike.martinez356@example.com
357,Ava Clark,ava.clark357@example.com
358,Olivia Jackson,olivia.jackson358@example.com
359,Lucas Walker,lucas.walker359@example.com
360,Olivia Thomas,olivia.thomas360@example.com
361,Ava White,ava.white361@example.com
362,Isabella Smith,isabella.smith362@example.com
363,John Walker,john.walker363@example.com
364,Ethan Walker,ethan.walker364@example.com
365,Harper Taylor,harper.taylor365@example.com
366,Mason Johnson,mason.johnson366@example.com
367,Olivia Garcia,olivia.garcia367@example.com
368,Sophia Harris,sophia.harris368@example.com
369,Ethan Martin,ethan.martin369@example.com
370,Liam Thompson,liam.thompson370@example.com
371,Sophia Taylor,sophia.taylor371@example.com
372,Bob Martin,bob.martin372@example.com
373,Mia Harris,mia.harris373@example.com
374,Harper Walker,harper.walker374@example.com
375,Sarah Doe,sarah.doe375@example.com
376,Harper Martinez,harper.martinez376@example.com
377,Mia Smith,mia.smith377@example.com
378,John White,john.white378@example.com
379,Amelia Harris,amelia.harris379@example.com
380,Mia Lewis,mia.lewis380@example.com
381,Lucas Rodriguez,lucas.rodriguez381@example.com
382,Isabella Martin,isabella.martin382@example.com
383,Sarah Lewis,sarah.lewis383@example.com
384,Jane Harris,jane.harris384@example.com
385,Ava Brown,ava.brown385@example.com
386,Mike Taylor,mike.taylor386@example.com
387,Jane Martinez,jane.martinez387@example.com
388,Bob Rodriguez,bob.rodriguez388@example.com
389,Mia Jackson,mia.jackson389@example.com
390,Harper Walker,harper.walker390@example.com
391,Mike Martinez,mike.martinez391@example.com
392,Mason Johnson,mason.johnson392@example.com
393,Jane Anderson,jane.anderson393@example.com
394,Amelia Garcia,amelia.garcia394@example.com
395,Noah Garcia,noah.garcia395@example.com
396,Harper Brown,harper.brown396@example.com
397,Jane Smith,jane.smith397@example.com
398,Liam Thompson,liam.thompson398@example.com
399,Amelia Martin,amelia.martin399@example.com
400,Mia Robinson,mia.robinson400@example.com
401,Liam Taylor,liam.taylor401@example.com
402,Mike Harris,mike.harris402@example.com
403,Noah Taylor,noah.taylor403@example.com
404,Bob Walker,bob.walker404@example.com
405,Ethan Taylor,ethan.taylor405@example.com
406,Bob Anderson,bob.anderson406@example.com
407,Noah White,noah.white407@example.com
408,Logan Anderson,logan.anderson408@example.com
409,Logan Brown,logan.brown409@example.com
410,Mia Robinson,mia.robinson410@example.com
411,Mike White,mike.white411@example.com
412,Mason Martinez,mason.martinez412@example.com
413,Sarah Clark,sarah.clark413@example.com
414,Emma Smith,emma.smith414@example.com
415,Olivia Clark,olivia.clark415@example.com
416,Mason Walker,mason.walker416@example.com
417,Amelia Harris,amelia.harris417@example.com
418,Sarah Johnson,sarah.johnson418@example.com
419,John Martin,john.martin419@example.com
420,Ethan Anderson,ethan.anderson420@example.com
421,Mike White,mike.white421@example.com
422,Elijah Brown,elijah.brown422@example.com
423,Mason Robinson,mason.robinson423@example.com
424,Logan Harris,logan.harris424@example.com
425,Sarah Anderson,sarah.anderson425@example.com
426,Mike Thompson,mike.thompson426@example.com
427,Liam Doe,liam.doe427@example.com
428,Jane Walker,jane.walker428@example.com
429,Sarah Anderson,sarah.anderson429@example.com
430,Ava Martin,ava.martin430@example.com
431,Mason Rodriguez,mason.rodriguez431@example.com
432,Ava Garcia,ava.garcia432@example.com
433,Bob Anderson,bob.anderson433@example.com
434,Amelia Harris,amelia.harris434@example.com
435,Sarah Jackson,sarah.jackson435@example.com
436,Ava Brown,ava.brown436@example.com
437,Sophia Garcia,sophia.garcia437@example.com
438,Liam Garcia,liam.garcia438@example.com
439,Sophia Thompson,sophia.thompson439@example.com
440,Ava Martin,ava.martin440@example.com
441,Sophia Thomas,sophia.thomas441@example.com
442,Liam Doe,liam.doe442@example.com
443,Mason Lewis,mason.lewis443@example.com
444,Sarah Walker,sarah.walker444@example.com
445,Sarah Thomas,sarah.thomas445@example.com
446,Jane Martinez,jane.martinez446@example.com
447,Sarah Lewis,sarah.lewis447@example.com
448,Olivia Johnson,olivia.johnson448@example.com
449,Sophia Harris,sophia.harris449@example.com
450,Mike Martinez,mike.martinez450@example.com
451,Logan Brown,logan.brown451@example.com
452,Olivia Garcia,olivia.garcia452@example.com
453,Ava White,ava.white453@example.com
454,Ava Thompson,ava.thompson454@example.com
455,Olivia Walker,olivia.walker455@example.com
456,Lucas Smith,lucas.smith456@example.com
457,Olivia Lee,olivia.lee457@example.com
458,Amelia Clark,amelia.clark458@example.com
459,Isabella Doe,isabella.doe459@example.com
460,Sarah Thompson,sarah.thompson460@example.com
461,Emma Taylor,emma.taylor461@example.com
462,Logan Johnson,logan.johnson462@example.com
463,Elijah White,elijah.white463@example.com
464,Amelia Taylor,amelia.taylor464@example.com
465,Emma Smith,emma.smith465@example.com
466,Ethan Anderson,ethan.anderson466@example.com
467,Elijah Taylor,elijah.taylor467@example.com
468,Noah White,noah.white468@example.com
469,Jane Thompson,jane.thompson469@example.com
470,Bob Thompson,bob.thompson470@example.com
471,Olivia Smith,olivia.smith471@example.com
472,Jane Clark,jane.clark472@example.com
473,Mike Lee,mike.lee473@example.com
474,Elijah Martin,elijah.martin474@example.com
475,Emma Thomas,emma.thomas475@example.com
476,Bob Brown,bob.brown476@example.com
477,Harper Walker,harper.walker477@example.com
478,Bob Martinez,bob.martinez478@example.com
479,Ethan White,ethan.white479@example.com
480,Mike Jackson,mike.jackson480@example.com
481,Liam Harris,liam.harris481@example.com
482,Ava Harris,ava.harris482@example.com
483,Liam Johnson,liam.johnson483@example.com
484,Sophia Jackson,sophia.jackson484@example.com
485,Harper Robinson,harper.robinson485@example.com
486,Elijah Clark,elijah.clark486@example.com
487,Sophia Doe,sophia.doe487@example.com
488,Bob Martin,bob.martin488@example.com
489,Harper Rodriguez,harper.rodriguez489@example.com
490,Mike Walker,mike.walker490@example.com
491,Lucas Jackson,lucas.jackson491@example.com
492,John Garcia,john.garcia492@example.com
493,Noah Martinez,noah.martinez493@example.com
494,Ethan Taylor,ethan.taylor494@example.com
495,Sophia Clark,sophia.clark495@example.com
496,Elijah Robinson,elijah.robinson496@example.com
497,Sophia Thompson,sophia.thompson497@example.com
498,Harper Jackson,harper.jackson498@example.com
499,Sophia Garcia,sophia.garcia499@example.com
500,Sarah Rodriguez,sarah.rodriguez500@example.com
501,John Thomas,john.thomas501@example.com
502,John White,john.white502@example.com
503,Ethan Martin,ethan.martin503@example.com
504,Sarah Jackson,sarah.jackson504@example.com
505,Jane Brown,jane.brown505@example.com
506,Emma Doe,emma.doe506@example.com
507,Lucas Smith,lucas.smith507@example.com
508,Ethan Clark,ethan.clark508@example.com
509,Isabella Clark,isabella.clark509@example.com
510,Sophia Martinez,sophia.martinez510@example.com
511,Logan Clark,logan.clark511@example.com
512,Logan Robinson,logan.robinson512@example.com
513,Liam Clark,liam.clark513@example.com
514,Isabella Lee,isabella.lee514@example.com
515,Emma Thompson,emma.thompson515@example.com
516,Mia Lee,mia.lee516@example.com
517,Harper Clark,harper.clark517@example.com
518,Mike Thompson,mike.thompson518@example.com
519,Olivia Lewis,olivia.lewis519@example.com
520,Emma Smith,emma.smith520@example.com
521,Ethan Harris,ethan.harris521@example.com
522,Olivia White,olivia.white522@example.com
523,Logan Harris,logan.harris523@example.com
524,Sophia Rodriguez,sophia.rodriguez524@example.com
525,Liam Walker,liam.walker525@example.com
526,Mike Lewis,mike.lewis526@example.com
527,Sarah White,sarah.white527@example.com
528,Elijah Doe,elijah.doe528@example.com
529,Sarah Robinson,sarah.robinson529@example.com
530,Logan Johnson,logan.johnson530@example.com
531,Ethan Thompson,ethan.thompson531@example.com
532,Emma Lewis,emma.lewis532@example.com
533,Emma Johnson,emma.johnson533@example.com
534,Noah Walker,noah.walker534@example.com
535,Ava Doe,ava.doe535@example.com
536,Emma White,emma.white536@example.com
537,Olivia Martin,olivia.martin537@example.com
538,Mia Thompson,mia.thompson538@example.com
539,Noah Anderson,noah.anderson539@example.com
540,Olivia Thompson,olivia.thompson540@example.com
541,John Johnson,john.johnson541@example.com
542,Mason Walker,mason.walker542@example.com
543,Jane Martinez,jane.martinez543@example.com
544,Ava Johnson,ava.johnson544@example.com
545,Harper Thomas,harper.thomas545@example.com
546,Elijah Lee,elijah.lee546@example.com
547,Emma Doe,emma.doe547@example.com
548,Mike Harris,mike.harris548@example.com
549,Emma Taylor,emma.taylor549@example.com
550,Jane Martin,jane.martin550@example.com
551,Mia Jackson,mia.jackson551@example.com
552,Noah White,noah.white552@example.com
553,Jane Lee,jane.lee553@example.com
554,Mia Johnson,mia.johnson554@example.com
555,Logan Walker,logan.walker555@example.com
556,Mason Clark,mason.clark556@example.com
557,Elijah Walker,elijah.walker557@example.com
558,Ethan Lee,ethan.lee558@example.com
559,Elijah Thompson,elijah.thompson559@example.com
560,Elijah Smith,elijah.smith560@example.com
561,Mia Garcia,mia.garcia561@example.com
562,Noah Johnson,noah.johnson562@example.com
563,John Clark,john.clark563@example.com
564,Sarah Garcia,sarah.garcia564@example.com
565,Liam Walker,liam.walker565@example.com
566,Olivia Brown,olivia.brown566@example.com
567,Liam Smith,liam.smith567@example.com
568,Sophia Doe,sophia.doe568@example.com
569,Sarah Smith,sarah.smith569@example.com
570,Jane Martinez,jane.martinez570@example.com
571,Isabella Taylor,isabella.taylor571@example.com
572,Mia Harris,mia.harris572@example.com
573,Amelia Rodriguez,amelia.rodriguez573@example.com
574,Jane Lewis,jane.lewis574@example.com
575,Jane Harris,jane.harris575@example.com
576,Mike Lewis,mike.lewis576@example.com
577,John Martin,john.martin577@example.com
578,Mike White,mike.white578@example.com
579,Ethan Johnson,ethan.johnson579@example.com
580,Sophia Brown,sophia.brown580@example.com
581,Mason Johnson,mason.johnson581@example.com
582,Harper Thompson,harper.thompson582@example.com
583,Ava Doe,ava.doe583@example.com
584,Olivia Martin,olivia.martin584@example.com
585,Liam Walker,liam.walker585@example.com
586,Sarah Thompson,sarah.thompson586@example.com
587,Emma Doe,emma.doe587@example.com
588,Bob Johnson,bob.johnson588@example.com
589,Logan Taylor,logan.taylor589@example.com
590,Sarah Martin,sarah.martin590@example.com
591,Harper Harris,harper.harris591@example.com
592,Logan Anderson,logan.anderson592@example.com
593,Amelia Walker,amelia.walker593@example.com
594,Ava Anderson,ava.anderson594@example.com
595,John Anderson,john.anderson595@example.com
596,Emma White,emma.white596@example.com
597,John Clark,john.clark597@example.com
598,Olivia Clark,olivia.clark598@example.com
599,Emma Brown,emma.brown599@example.com
600,Mia Taylor,mia.taylor600@example.com
601,Ava Robinson,ava.robinson601@example.com
602,Emma Walker,emma.walker602@example.com
603,Lucas Anderson,lucas.anderson603@example.com
604,Liam Doe,liam.doe604@example.com
605,Sarah Lewis,sarah.lewis605@example.com
606,Amelia Rodriguez,amelia.rodriguez606@example.com
607,Isabella Johnson,isabella.johnson607@example.com
608,Mia Lewis,mia.lewis608@example.com
609,Noah Lewis,noah.lewis609@example.com
610,Sophia Brown,sophia.brown610@example.com
611,Logan Rodriguez,logan.rodriguez611@example.com
612,Logan Rodriguez,logan.rodriguez612@example.com
613,Jane Robinson,jane.robinson613@example.com
614,Logan Martin,logan.martin614@example.com
615,Jane Doe,jane.doe615@example.com
616,Sarah White,sarah.white616@example.com
617,Sophia Thomas,sophia.thomas617@example.com
618,Isabella Thompson,isabella.thompson618@example.com
619,Logan Smith,logan.smith619@example.com
620,Mike Clark,mike.clark620@example.com
621,Ethan Robinson,ethan.robinson621@example.com
622,Sarah Rodriguez,sarah.rodriguez622@example.com
623,Amelia Johnson,amelia.johnson623@example.com
624,Jane Martinez,jane.martinez624@example.com
625,Elijah Lee,elijah.lee625@example.com
626,Mason Martin,mason.martin626@example.com
627,Olivia Clark,olivia.clark627@example.com
628,Olivia Garcia,olivia.garcia628@example.com
629,Liam Thomas,liam.thomas629@example.com
630,Isabella Jackson,isabella.jackson630@example.com
631,Noah White,noah.white631@example.com
632,Lucas Garcia,lucas.garcia632@example.com
633,Olivia Martin,olivia.martin633@example.com
634,Noah Robinson,noah.robinson634@example.com
635,Mike Taylor,mike.taylor635@example.com
636,Isabella Lewis,isabella.lewis636@example.com
637,Jane Jackson,jane.jackson637@example.com
638,Olivia Martin,olivia.martin638@example.com
639,Bob Brown,bob.brown639@example.com
640,Amelia Rodriguez,amelia.rodriguez640@example.com
641,Harper Thomas,harper.thomas641@example.com
642,Harper Doe,harper.doe642@example.com
643,Mason Doe,mason.doe643@example.com
644,John Martin,john.martin644@example.com
645,Ethan Doe,ethan.doe645@example.com
646,Mason Clark,mason.clark646@example.com
647,Ethan Garcia,ethan.garcia647@example.com
648,John Thompson,john.thompson648@example.com
649,John Johnson,john.johnson649@example.com
650,Lucas White,lucas.white650@example.com
651,Jane Doe,jane.doe651@example.com
652,Elijah Walker,elijah.walker652@example.com
653,Olivia Smith,olivia.smith653@example.com
654,Jane Walker,jane.walker654@example.com
655,Ethan Lewis,ethan.lewis655@example.com
656,Liam Rodriguez,liam.rodriguez656@example.com
657,Harper Garcia,harper.garcia657@example.com
658,John Martinez,john.martinez658@example.com
659,John Lee,john.lee659@example.com
660,Isabella Robinson,isabella.robinson660@example.com
661,Ava Lewis,ava.lewis661@example.com
662,Logan Johnson,logan.johnson662@example.com
663,Sarah Thomas,sarah.thomas663@example.com
664,Harper Martinez,harper.martinez664@example.com
665,Jane Clark,jane.clark665@example.com
666,Noah Thomas,noah.thomas666@example.com
667,Sarah Robinson,sarah.robinson667@example.com
668,Jane Brown,jane.brown668@example.com
669,Ava Smith,ava.smith669@example.com
670,Olivia Jackson,olivia.jackson670@example.com
671,Ethan Martinez,ethan.martinez671@example.com
672,Elijah Lee,elijah.lee672@example.com
673,Sophia Johnson,sophia.johnson673@example.com
674,Logan Jackson,logan.jackson674@example.com
675,Lucas Clark,lucas.clark675@example.com
676,Ethan Martin,ethan.martin676@example.com
677,Noah Thomas,noah.thomas677@example.com
678,Logan Walker,logan.walker678@example.com
679,John Brown,john.brown679@example.com
680,Ethan Thomas,ethan.thomas680@example.com
681,Elijah White,elijah.white681@example.com
682,Sophia Jackson,sophia.jackson682@example.com
683,Mason Clark,mason.clark683@example.com
684,Mia Garcia,mia.garcia684@example.com
685,Isabella Smith,isabella.smith685@example.com
686,Mike Doe,mike.doe686@example.com
687,Sarah Clark,sarah.clark687@example.com
688,Olivia Robinson,olivia.robinson688@example.com
689,Ava Thompson,ava.thompson689@example.com
690,Mason Anderson,mason.anderson690@example.com
691,Bob Robinson,bob.robinson691@example.com
692,Amelia Clark,amelia.clark692@example.com
693,Liam Doe,liam.doe693@example.com
694,Sophia Brown,sophia.brown694@example.com
695,Harper Martin,harper.martin695@example.com
696,Logan Rodriguez,logan.rodriguez696@example.com
697,Amelia Anderson,amelia.anderson697@example.com
698,Mia Brown,mia.brown698@example.com
699,Isabella Thomas,isabella.thomas699@example.com
700,Elijah Martin,elijah.martin700@example.com
701,Lucas Taylor,lucas.taylor701@example.com
702,Olivia Anderson,olivia.anderson702@example.com
703,Ethan Walker,ethan.walker703@example.com
704,Logan Martinez,logan.martinez704@example.com
705,Mike Harris,mike.harris705@example.com
706,Bob Doe,bob.doe706@example.com
707,Bob Clark,bob.clark707@example.com
708,Liam Lewis,liam.lewis708@example.com
709,Elijah Smith,elijah.smith709@example.com
710,Bob Jackson,bob.jackson710@example.com
711,Ava Rodriguez,ava.rodriguez711@example.com
712,Olivia Martinez,olivia.martinez712@example.com
713,Elijah Martin,elijah.martin713@example.com
714,Harper Lee,harper.lee714@example.com
715,Harper Lee,harper.lee715@example.com
716,Ava Anderson,ava.anderson716@example.com
717,Mike Harris,mike.harris717@example.com
718,Mason Jackson,mason.jackson718@example.com
719,Jane Garcia,jane.garcia719@example.com
720,Bob Harris,bob.harris720@example.com
721,Mason Doe,mason.doe721@example.com
722,Mia Lewis,mia.lewis722@example.com
723,Jane Thomas,jane.thomas723@example.com
724,Bob Harris,bob.harris724@example.com
725,Isabella Clark,isabella.clark725@example.com
726,Liam Anderson,liam.anderson726@example.com
727,Elijah Rodriguez,elijah.rodriguez727@example.com
728,Elijah Jackson,elijah.jackson728@example.com
729,Bob Johnson,bob.johnson729@example.com
730,Noah Martinez,noah.martinez730@example.com
731,Lucas Walker,lucas.walker731@example.com
732,Mason Smith,mason.smith732@example.com
733,Sarah Rodriguez,sarah.rodriguez733@example.com
734,Sophia Martin,sophia.martin734@example.com
735,Mike Martinez,mike.martinez735@example.com
736,Elijah Thomas,elijah.thomas736@example.com
737,Logan Clark,logan.clark737@example.com
738,Elijah Brown,elijah.brown738@example.com
739,Harper Brown,harper.brown739@example.com
740,Bob Martin,bob.martin740@example.com
741,Olivia Doe,olivia.doe741@example.com
742,Olivia Martin,olivia.martin742@example.com
743,Liam Martinez,liam.martinez743@example.com
744,Liam Anderson,liam.anderson744@example.com
745,Jane Jackson,jane.jackson745@example.com
746,Ava Martinez,ava.martinez746@example.com
747,Sophia Taylor,sophia.taylor747@example.com
748,Jane Brown,jane.brown748@example.com
749,Ethan Thomas,ethan.thomas749@example.com
750,Lucas Robinson,lucas.robinson750@example.com
751,John Harris,john.harris751@example.com
752,Amelia Martin,amelia.martin752@example.com
753,Ethan Lewis,ethan.lewis753@example.com
754,Isabella Rodriguez,isabella.rodriguez754@example.com
755,Emma Garcia,emma.garcia755@example.com
756,Sarah Lee,sarah.lee756@example.com
757,Amelia Harris,amelia.harris757@example.com
758,Mia Robinson,mia.robinson758@example.com
759,Mason Thomas,mason.thomas759@example.com
760,Mia Thomas,mia.thomas760@example.com
761,Sarah Thompson,sarah.thompson761@example.com
762,Sarah White,sarah.white762@example.com
763,John Walker,john.walker763@example.com
764,Mason Taylor,mason.taylor764@example.com
765,Harper Taylor,harper.taylor765@example.com
766,Elijah Thompson,elijah.thompson766@example.com
767,Ava Jackson,ava.jackson767@example.com
768,Mike Johnson,mike.johnson768@example.com
769,Mason Martin,mason.martin769@example.com
770,Mia Clark,mia.clark770@example.com
771,Sarah Robinson,sarah.robinson771@example.com
772,Mason Harris,mason.harris772@example.com
773,Mike Garcia,mike.garcia773@example.com
774,Noah Johnson,noah.johnson774@example.com
775,Olivia Walker,olivia.walker775@example.com
776,Ethan Walker,ethan.walker776@example.com
777,Bob Martinez,bob.martinez777@example.com
778,Mike Brown,mike.brown778@example.com
779,Lucas Jackson,lucas.jackson779@example.com
780,Logan Thomas,logan.thomas780@example.com
781,Elijah Johnson,elijah.johnson781@example.com
782,Liam Robinson,liam.robinson782@example.com
783,Harper Jackson,harper.jackson783@example.com
784,Isabella Doe,isabella.doe784@example.com
785,Sophia Martin,sophia.martin785@example.com
786,Noah Walker,noah.walker786@example.com
787,Ethan Walker,ethan.walker787@example.com
788,Elijah Walker,elijah.walker788@example.com
789,Bob Walker,bob.walker789@example.com
790,Mason Martinez,mason.martinez790@example.com
791,Emma Doe,emma.doe791@example.com
792,Bob Doe,bob.doe792@example.com
793,Sophia Clark,sophia.clark793@example.com
794,Ethan Taylor,ethan.taylor794@example.com
795,Olivia Walker,olivia.walker795@example.com
796,Lucas Walker,lucas.walker796@example.com
797,Sarah Brown,sarah.brown797@example.com
798,Bob Lee,bob.lee798@example.com
799,Bob Lee,bob.lee799@example.com
800,Bob Harris,bob.harris800@example.com
801,Isabella Harris,isabella.harris801@example.com
802,Mason Anderson,mason.anderson802@example.com
803,Harper White,harper.white803@example.com
804,Liam Taylor,liam.taylor804@example.com
805,Olivia Thomas,olivia.thomas805@example.com
806,Mason Brown,mason.brown806@example.com
807,Liam Clark,liam.clark807@example.com
808,Amelia Anderson,amelia.anderson808@example.com
809,John Rodriguez,john.rodriguez809@example.com
810,Mason Anderson,mason.anderson810@example.com
811,Emma Clark,emma.clark811@example.com
812,Isabella Doe,isabella.doe812@example.com
813,Elijah Martinez,elijah.martinez813@example.com
814,Mason Doe,mason.doe814@example.com
815,Ethan Thomas,ethan.thomas815@example.com
816,Liam Robinson,liam.robinson816@example.com
817,Emma Thompson,emma.thompson817@example.com
818,Ava Doe,ava.doe818@example.com
819,Ava Johnson,ava.johnson819@example.com
820,Logan Walker,logan.walker820@example.com
821,Jane White,jane.white821@example.com
822,Liam Thompson,liam.thompson822@example.com
823,Emma Smith,emma.smith823@example.com
824,Bob Martin,bob.martin824@example.com
825,Lucas Garcia,lucas.garcia825@example.com
826,Harper Walker,harper.walker826@example.com
827,Mia Martinez,mia.martinez827@example.com
828,Mike Johnson,mike.johnson828@example.com
829,Harper Anderson,harper.anderson829@example.com
830,Emma Smith,emma.smith830@example.com
831,Bob Walker,bob.walker831@example.com
832,Isabella Martin,isabella.martin832@example.com
833,Isabella Martinez,isabella.martinez833@example.com
834,Bob White,bob.white834@example.com
835,Logan Smith,logan.smith835@example.com
836,John Anderson,john.anderson836@example.com
837,Ethan Brown,ethan.brown837@example.com
838,Bob Smith,bob.smith838@example.com
839,Amelia Lee,amelia.lee839@example.com
840,Olivia Brown,olivia.brown840@example.com
841,Ethan Thompson,ethan.thompson841@example.com
842,Ava Rodriguez,ava.rodriguez842@example.com
843,Noah Martinez,noah.martinez843@example.com
844,Noah Doe,noah.doe844@example.com
845,Mike Anderson,mike.anderson845@example.com
846,Isabella Lewis,isabella.lewis846@example.com
847,Emma Doe,emma.doe847@example.com
848,Logan Brown,logan.brown848@example.com
849,Mason Lee,mason.lee849@example.com
850,Jane Thomas,jane.thomas850@example.com
851,John Clark,john.clark851@example.com
852,Bob Taylor,bob.taylor852@example.com
853,Mike Doe,mike.doe853@example.com
854,Liam Brown,liam.brown854@example.com
855,Jane Martin,jane.martin855@example.com
856,Noah Rodriguez,noah.rodriguez856@example.com
857,Amelia Anderson,amelia.anderson857@example.com
858,Jane Martin,jane.martin858@example.com
859,Mia Taylor,mia.taylor859@example.com
860,Sarah Lewis,sarah.lewis860@example.com
861,Ethan Clark,ethan.clark861@example.com
862,Logan Brown,logan.brown862@example.com
863,Liam Rodriguez,liam.rodriguez863@example.com
864,Mia Harris,mia.harris864@example.com
865,Ava Jackson,ava.jackson865@example.com
866,Sarah Smith,sarah.smith866@example.com
867,Sarah White,sarah.white867@example.com
868,Ethan Robinson,ethan.robinson868@example.com
869,Noah Lewis,noah.lewis869@example.com
870,Ethan Taylor,ethan.taylor870@example.com
871,Mason Martinez,mason.martinez871@example.com
872,Mason Taylor,mason.taylor872@example.com
873,Mia Anderson,mia.anderson873@example.com
874,Olivia Lewis,olivia.lewis874@example.com
875,Jane Walker,jane.walker875@example.com
876,Mike Thomas,mike.thomas876@example.com
877,Liam Martin,liam.martin877@example.com
878,Noah Clark,noah.clark878@example.com
879,Bob Garcia,bob.garcia879@example.com
880,Mason Rodriguez,mason.rodriguez880@example.com
881,Logan Thomas,logan.thomas881@example.com
882,Bob Rodriguez,bob.rodriguez882@example.com
883,Elijah Thomas,elijah.thomas883@example.com
884,Amelia Robinson,amelia.robinson884@example.com
885,Sarah Jackson,sarah.jackson885@example.com
886,Sophia Robinson,sophia.robinson886@example.com
887,Jane Taylor,jane.taylor887@example.com
888,Bob Smith,bob.smith888@example.com
889,Logan Anderson,logan.anderson889@example.com
890,Liam Martinez,liam.martinez890@example.com
891,Mike Brown,mike.brown891@example.com
892,Liam Harris,liam.harris892@example.com
893,Elijah Clark,elijah.clark893@example.com
894,Ava Lee,ava.lee894@example.com
895,Logan Martinez,logan.martinez895@example.com
896,Emma Martinez,emma.martinez896@example.com
897,Ava Lewis,ava.lewis897@example.com
898,Emma Clark,emma.clark898@example.com
899,Olivia Thomas,olivia.thomas899@example.com
900,Mike Brown,mike.brown900@example.com
901,Amelia Martinez,amelia.martinez901@example.com
902,Mason Lee,mason.lee902@example.com
903,Logan Martinez,logan.martinez903@example.com
904,Sophia Taylor,sophia.taylor904@example.com
905,Harper Harris,harper.harris905@example.com
906,Ava Smith,ava.smith906@example.com
907,Ethan Martin,ethan.martin907@example.com
908,Isabella Smith,isabella.smith908@example.com
909,Mason Taylor,mason.taylor909@example.com
910,John Thompson,john.thompson910@example.com
911,Ethan White,ethan.white911@example.com
912,Harper Thomas,harper.thomas912@example.com
913,Noah Smith,noah.smith913@example.com
914,Jane Thompson,jane.thompson914@example.com
915,Isabella Smith,isabella.smith915@example.com
916,Emma Robinson,emma.robinson916@example.com
917,Emma White,emma.white917@example.com
918,Bob Brown,bob.brown918@example.com
919,Amelia Martin,amelia.martin919@example.com
920,Isabella Walker,isabella.walker920@example.com
921,Mike Robinson,mike.robinson921@example.com
922,Bob Doe,bob.doe922@example.com
923,Mia Martinez,mia.martinez923@example.com
924,Isabella Brown,isabella.brown924@example.com
925,Elijah Anderson,elijah.anderson925@example.com
926,John Brown,john.brown926@example.com
927,Jane Martin,jane.martin927@example.com
928,Amelia Anderson,amelia.anderson928@example.com
929,Logan Walker,logan.walker929@example.com
930,Noah Clark,noah.clark930@example.com
931,Amelia Clark,amelia.clark931@example.com
932,Liam Jackson,liam.jackson932@example.com
933,Noah Garcia,noah.garcia933@example.com
934,Olivia Lee,olivia.lee934@example.com
935,Ava Brown,ava.brown935@example.com
936,Bob Harris,bob.harris936@example.com
937,Mike Thomas,mike.thomas937@example.com
938,Mia Thompson,mia.thompson938@example.com
939,Mia Thompson,mia.thompson939@example.com
940,Mike Harris,mike.harris940@example.com
941,Lucas Jackson,lucas.jackson941@example.com
942,Mike Garcia,mike.garcia942@example.com
943,Logan Johnson,logan.johnson943@example.com
944,Emma Lewis,emma.lewis944@example.com
945,Sarah Thomas,sarah.thomas945@example.com
946,Harper Jackson,harper.jackson946@example.com
947,Ava Lewis,ava.lewis947@example.com
948,Jane Smith,jane.smith948@example.com
949,John Brown,john.brown949@example.com
950,Mia Clark,mia.clark950@example.com
951,Emma Garcia,emma.garcia951@example.com
952,Sophia Brown,sophia.brown952@example.com
953,Liam Lewis,liam.lewis953@example.com
954,Mia Rodriguez,mia.rodriguez954@example.com
955,Mike Thomas,mike.thomas955@example.com
956,Mike Brown,mike.brown956@example.com
957,Ethan Brown,ethan.brown957@example.com
958,Amelia Jackson,amelia.jackson958@example.com
959,Mia Brown,mia.brown959@example.com
960,Ethan Smith,ethan.smith960@example.com
961,Mason Garcia,mason.garcia961@example.com
962,Bob Brown,bob.brown962@example.com
963,Mia Taylor,mia.taylor963@example.com
964,Sarah Garcia,sarah.garcia964@example.com
965,Jane Brown,jane.brown965@example.com
966,Ethan Clark,ethan.clark966@example.com
967,John Robinson,john.robinson967@example.com
968,Mia Garcia,mia.garcia968@example.com
969,Lucas Johnson,lucas.johnson969@example.com
970,Logan Smith,logan.smith970@example.com
971,Emma Johnson,emma.johnson971@example.com
972,Olivia Robinson,olivia.robinson972@example.com
973,John Harris,john.harris973@example.com
974,Harper Jackson,harper.jackson974@example.com
975,Ethan Jackson,ethan.jackson975@example.com
976,Amelia Smith,amelia.smith976@example.com
977,Mike Robinson,mike.robinson977@example.com
978,Elijah Rodriguez,elijah.rodriguez978@example.com
979,Ethan Martin,ethan.martin979@example.com
980,John Jackson,john.jackson980@example.com
981,Mason Thomas,mason.thomas981@example.com
982,Elijah Lewis,elijah.lewis982@example.com
983,Lucas Doe,lucas.doe983@example.com
984,Isabella Anderson,isabella.anderson984@example.com
985,Harper White,harper.white985@example.com
986,Liam Smith,liam.smith986@example.com
987,Jane Doe,jane.doe987@example.com
988,Amelia White,amelia.white988@example.com
989,Isabella Anderson,isabella.anderson989@example.com
990,Sophia Thomas,sophia.thomas990@example.com
991,Mike Clark,mike.clark991@example.com
992,John Lewis,john.lewis992@example.com
993,Ava Lewis,ava.lewis993@example.com
994,Mike Taylor,mike.taylor994@example.com
995,Isabella Martin,isabella.martin995@example.com
996,Olivia Martinez,olivia.martinez996@example.com
997,Ava Thompson,ava.thompson997@example.com
998,Mia Taylor,mia.taylor998@example.com
999,Jane Lewis,jane.lewis999@example.com
1000,Bob Clark,bob.clark1000@example.com
1001,Sarah Smith,sarah.smith1001@example.com
1002,Logan Harris,logan.harris1002@example.com
1003,Emma Anderson,emma.anderson1003@example.com
1004,Elijah Martinez,elijah.martinez1004@example.com
1005,Elijah Doe,elijah.doe1005@example.com
1006,Harper White,harper.white1006@example.com
1007,Amelia Lee,amelia.lee1007@example.com
1008,Olivia Martinez,olivia.martinez1008@example.com
1009,Mason Walker,mason.walker1009@example.com
1010,Olivia Jackson,olivia.jackson1010@example.com
1011,Mia Smith,mia.smith1011@example.com
1012,Sophia Garcia,sophia.garcia1012@example.com
1013,Lucas Thomas,lucas.thomas1013@example.com
1014,Logan Lewis,logan.lewis1014@example.com
1015,Jane Lewis,jane.lewis1015@example.com
1016,Emma Brown,emma.brown1016@example.com
1017,Sarah Garcia,sarah.garcia1017@example.com
1018,Jane Clark,jane.clark1018@example.com
1019,Harper Garcia,harper.garcia1019@example.com
1020,Mia Walker,mia.walker1020@example.com
1021,Harper Brown,harper.brown1021@example.com
1022,Liam Doe,liam.doe1022@example.com
1023,Ethan Walker,ethan.walker1023@example.com
1024,Liam Thompson,liam.thompson1024@example.com
1025,Noah Doe,noah.doe1025@example.com
1026,Harper Smith,harper.smith1026@example.com
1027,Elijah Walker,elijah.walker1027@example.com
1028,John Clark,john.clark1028@example.com
1029,Noah Thomas,noah.thomas1029@example.com
1030,John Harris,john.harris1030@example.com
1031,Lucas Brown,lucas.brown1031@example.com
1032,Harper Lewis,harper.lewis1032@example.com
1033,Harper Anderson,harper.anderson1033@example.com
1034,Amelia Taylor,amelia.taylor1034@example.com
1035,Jane Martinez,jane.martinez1035@example.com
1036,Elijah Lewis,elijah.lewis1036@example.com
1037,Sarah Jackson,sarah.jackson1037@example.com
1038,Bob Lee,bob.lee1038@example.com
1039,Mason Anderson,mason.anderson1039@example.com
1040,Harper Walker,harper.walker1040@example.com
1041,John Brown,john.brown1041@example.com
1042,Elijah Brown,elijah.brown1042@example.com
1043,Olivia Walker,olivia.walker1043@example.com
1044,Lucas Taylor,lucas.taylor1044@example.com
1045,Ethan Martin,ethan.martin1045@example.com
1046,Isabella Garcia,isabella.garcia1046@example.com
1047,Harper Thompson,harper.thompson1047@example.com
1048,Amelia Thompson,amelia.thompson1048@example.com
1049,Mike Thompson,mike.thompson1049@example.com
1050,Lucas Clark,lucas.clark1050@example.com
1051,Ava Rodriguez,ava.rodriguez1051@example.com
1052,Logan Anderson,logan.anderson1052@example.com
1053,Mia Garcia,mia.garcia1053@example.com
1054,Lucas White,lucas.white1054@example.com
1055,Mia Taylor,mia.taylor1055@example.com
1056,Mia Smith,mia.smith1056@example.com
1057,Liam Martin,liam.martin1057@example.com
1058,Isabella Harris,isabella.harris1058@example.com
1059,Logan Rodriguez,logan.rodriguez1059@example.com
1060,Ethan Anderson,ethan.anderson1060@example.com
1061,Noah Smith,noah.smith1061@example.com
1062,Amelia Martin,amelia.martin1062@example.com
1063,Sarah Taylor,sarah.taylor1063@example.com
1064,Noah Lewis,noah.lewis1064@example.com
1065,Isabella Harris,isabella.harris1065@example.com
1066,Ethan Walker,ethan.walker1066@example.com
1067,Ava Jackson,ava.jackson1067@example.com
1068,Sarah Martin,sarah.martin1068@example.com
1069,Ethan Thompson,ethan.thompson1069@example.com
1070,Emma Martinez,emma.martinez1070@example.com
1071,Bob Smith,bob.smith1071@example.com
1072,Emma Thompson,emma.thompson1072@example.com
1073,Noah Martinez,noah.martinez1073@example.com
1074,Bob Lewis,bob.lewis1074@example.com
1075,Sarah Walker,sarah.walker1075@example.com
1076,Emma Anderson,emma.anderson1076@example.com
1077,Mike Johnson,mike.johnson1077@example.com
1078,Bob White,bob.white1078@example.com
1079,Isabella Robinson,isabella.robinson1079@example.com
1080,Ethan Garcia,ethan.garcia1080@example.com
1081,Jane Smith,jane.smith1081@example.com
1082,Ava Lee,ava.lee1082@example.com
1083,Ethan Martin,ethan.martin1083@example.com
1084,Bob Harris,bob.harris1084@example.com
1085,Mike Martin,mike.martin1085@example.com
1086,Ethan Robinson,ethan.robinson1086@example.com
1087,Mike Anderson,mike.anderson1087@example.com
1088,Logan White,logan.white1088@example.com
1089,Ethan Garcia,ethan.garcia1089@example.com
1090,Emma Martinez,emma.martinez1090@example.com
1091,Noah Anderson,noah.anderson1091@example.com
1092,Jane Martin,jane.martin1092@example.com
1093,Isabella Brown,isabella.brown1093@example.com
1094,Mia Jackson,mia.jackson1094@example.com
1095,Ethan Martin,ethan.martin1095@example.com
1096,John Rodriguez,john.rodriguez1096@example.com
1097,Ethan Lee,ethan.lee1097@example.com
1098,Liam Lee,liam.lee1098@example.com
1099,Liam Thompson,liam.thompson1099@example.com
1100,Sophia Garcia,sophia.garcia1100@example.com
1101,Lucas Garcia,lucas.garcia1101@example.com
1102,Lucas Lee,lucas.lee1102@example.com
1103,Ava Doe,ava.doe1103@example.com
1104,John White,john.white1104@example.com
1105,Ava Lee,ava.lee1105@example.com
1106,Sophia Walker,sophia.walker1106@example.com
1107,Harper Harris,harper.harris1107@example.com
1108,Lucas Garcia,lucas.garcia1108@example.com
1109,Emma Clark,emma.clark1109@example.com
1110,Amelia Doe,amelia.doe1110@example.com
1111,Mason Martinez,mason.martinez1111@example.com
1112,Olivia Clark,olivia.clark1112@example.com
1113,Logan Lewis,logan.lewis1113@example.com
1114,Harper Clark,harper.clark1114@example.com
1115,Isabella White,isabella.white1115@example.com
1116,Emma Martin,emma.martin1116@example.com
1117,Mia Lee,mia.lee1117@example.com
1118,Jane Garcia,jane.garcia1118@example.com
1119,Jane Thompson,jane.thompson1119@example.com
1120,Mason Harris,mason.harris1120@example.com
1121,Liam Johnson,liam.johnson1121@example.com
1122,Amelia Johnson,amelia.johnson1122@example.com
1123,Jane Jackson,jane.jackson1123@example.com
1124,Mason Rodriguez,mason.rodriguez1124@example.com
1125,Isabella Johnson,isabella.johnson1125@example.com
1126,Olivia Harris,olivia.harris1126@example.com
1127,Amelia White,amelia.white1127@example.com
1128,Mason Brown,mason.brown1128@example.com
1129,Elijah Anderson,elijah.anderson1129@example.com
1130,Bob Anderson,bob.anderson1130@example.com
1131,Logan Thomas,logan.thomas1131@example.com
1132,Olivia Walker,olivia.walker1132@example.com
1133,Emma Brown,emma.brown1133@example.com
1134,Ava Thomas,ava.thomas1134@example.com
1135,Elijah Thomas,elijah.thomas1135@example.com
1136,Isabella Smith,isabella.smith1136@example.com
1137,Harper White,harper.white1137@example.com
1138,Ethan Martinez,ethan.martinez1138@example.com
1139,Noah Lee,noah.lee1139@example.com
1140,Mason Taylor,mason.taylor1140@example.com
1141,Amelia Johnson,amelia.johnson1141@example.com
1142,Noah Brown,noah.brown1142@example.com
1143,Jane Robinson,jane.robinson1143@example.com
1144,Noah Jackson,noah.jackson1144@example.com
1145,John Martin,john.martin1145@example.com
1146,Sophia Brown,sophia.brown1146@example.com
1147,Amelia Garcia,amelia.garcia1147@example.com
1148,Isabella Harris,isabella.harris1148@example.com
1149,Lucas Lee,lucas.lee1149@example.com
1150,Ava Lewis,ava.lewis1150@example.com
1151,Mike Garcia,mike.garcia1151@example.com
1152,Lucas Anderson,lucas.anderson1152@example.com
1153,Liam Rodriguez,liam.rodriguez1153@example.com
1154,Ethan Anderson,ethan.anderson1154@example.com
1155,Liam White,liam.white1155@example.com
1156,Harper Thompson,harper.thompson1156@example.com
1157,Jane Robinson,jane.robinson1157@example.com
1158,Mia Thompson,mia.thompson1158@example.com
1159,Bob Garcia,bob.garcia1159@example.com
1160,Mike Walker,mike.walker1160@example.com
1161,Mason White,mason.white1161@example.com
1162,Bob Doe,bob.doe1162@example.com
1163,Ethan Lewis,ethan.lewis1163@example.com
1164,Sarah Garcia,sarah.garcia1164@example.com
1165,Sophia White,sophia.white1165@example.com
1166,Mason Martinez,mason.martinez1166@example.com
1167,Sarah Lewis,sarah.lewis1167@example.com
1168,Olivia Johnson,olivia.johnson1168@example.com
1169,Harper Walker,harper.walker1169@example.com
1170,Logan Thomas,logan.thomas1170@example.com
1171,Emma Garcia,emma.garcia1171@example.com
1172,Olivia Jackson,olivia.jackson1172@example.com
1173,Lucas Rodriguez,lucas.rodriguez1173@example.com
1174,Jane Anderson,jane.anderson1174@example.com
1175,John Smith,john.smith1175@example.com
1176,Noah Lee,noah.lee1176@example.com
1177,Mason Jackson,mason.jackson1177@example.com
1178,John Doe,john.doe1178@example.com
1179,Isabella Martin,isabella.martin1179@example.com
1180,Noah Walker,noah.walker1180@example.com
1181,Emma Thompson,emma.thompson1181@example.com
1182,Mike Martinez,mike.martinez1182@example.com
1183,Olivia White,olivia.white1183@example.com
1184,Mike Clark,mike.clark1184@example.com
1185,Jane Thompson,jane.thompson1185@example.com
1186,Sophia Robinson,sophia.robinson1186@example.com
1187,Lucas Brown,lucas.brown1187@example.com
1188,John Clark,john.clark1188@example.com
1189,Sophia Thompson,sophia.thompson1189@example.com
1190,Lucas White,lucas.white1190@example.com
1191,Isabella Jackson,isabella.jackson1191@example.com
1192,Amelia Clark,amelia.clark1192@example.com
1193,Ethan Walker,ethan.walker1193@example.com
1194,Elijah Thompson,elijah.thompson1194@example.com
1195,Lucas Lewis,lucas.lewis1195@example.com
1196,Mike Jackson,mike.jackson1196@example.com
1197,Amelia Garcia,amelia.garcia1197@example.com
1198,John Walker,john.walker1198@example.com
1199,John Harris,john.harris1199@example.com
1200,Lucas Anderson,lucas.anderson1200@example.com
1201,Elijah Garcia,elijah.garcia1201@example.com
1202,Bob Lee,bob.lee1202@example.com
1203,Ethan Brown,ethan.brown1203@example.com
1204,Harper Rodriguez,harper.rodriguez1204@example.com
1205,Olivia Jackson,olivia.jackson1205@example.com
1206,Mason Lee,mason.lee1206@example.com
1207,Olivia Brown,olivia.brown1207@example.com
1208,Amelia Walker,amelia.walker1208@example.com
1209,Emma Smith,emma.smith1209@example.com
1210,Lucas Rodriguez,lucas.rodriguez1210@example.com
1211,Mason Smith,mason.smith1211@example.com
1212,Amelia Martinez,amelia.martinez1212@example.com
1213,Logan Rodriguez,logan.rodriguez1213@example.com
1214,Mason Robinson,mason.robinson1214@example.com
1215,Lucas Harris,lucas.harris1215@example.com
1216,Emma Robinson,emma.robinson1216@example.com
1217,Harper Johnson,harper.johnson1217@example.com
1218,Mason Martinez,mason.martinez1218@example.com
1219,Logan Robinson,logan.robinson1219@example.com
1220,Lucas Anderson,lucas.anderson1220@example.com
1221,Mia Jackson,mia.jackson1221@example.com
1222,Jane Brown,jane.brown1222@example.com
1223,John Thomas,john.thomas1223@example.com
1224,Lucas Martin,lucas.martin1224@example.com
1225,Mia Anderson,mia.anderson1225@example.com
1226,Sophia Rodriguez,sophia.rodriguez1226@example.com
1227,John Doe,john.doe1227@example.com
1228,Ava Thompson,ava.thompson1228@example.com
1229,Isabella Anderson,isabella.anderson1229@example.com
1230,Emma Jackson,emma.jackson1230@example.com
1231,Elijah White,elijah.white1231@example.com
1232,Elijah Rodriguez,elijah.rodriguez1232@example.com
1233,Liam Walker,liam.walker1233@example.com
1234,Mike Martinez,mike.martinez1234@example.com
1235,Sophia Anderson,sophia.anderson1235@example.com
1236,Logan Brown,logan.brown1236@example.com
1237,Amelia Smith,amelia.smith1237@example.com
1238,Sarah Thomas,sarah.thomas1238@example.com
1239,Ava Thompson,ava.thompson1239@example.com
1240,Mia Lee,mia.lee1240@example.com
1241,Harper Johnson,harper.johnson1241@example.com
1242,Amelia Doe,amelia.doe1242@example.com
1243,Harper Anderson,harper.anderson1243@example.com
1244,Sarah Taylor,sarah.taylor1244@example.com
1245,Bob Lee,bob.lee1245@example.com
1246,Lucas Brown,lucas.brown1246@example.com
1247,John Lewis,john.lewis1247@example.com
1248,Jane Brown,jane.brown1248@example.com
1249,Jane Jackson,jane.jackson1249@example.com
1250,Jane Johnson,jane.johnson1250@example.com
1251,Elijah Clark,elijah.clark1251@example.com
1252,Sarah Taylor,sarah.taylor1252@example.com
1253,Olivia Garcia,olivia.garcia1253@example.com
1254,Isabella Lee,isabella.lee1254@example.com
1255,Jane Harris,jane.harris1255@example.com
1256,Jane Martin,jane.martin1256@example.com
1257,Liam Smith,liam.smith1257@example.com
1258,Liam Johnson,liam.johnson1258@example.com
1259,Elijah Martin,elijah.martin1259@example.com
1260,Elijah White,elijah.white1260@example.com
1261,Mia Robinson,mia.robinson1261@example.com
1262,Sarah Clark,sarah.clark1262@example.com
1263,Noah Martin,noah.martin1263@example.com
1264,Noah Brown,noah.brown1264@example.com
1265,Mike Thompson,mike.thompson1265@example.com
1266,Jane Smith,jane.smith1266@example.com
1267,Bob Rodriguez,bob.rodriguez1267@example.com
1268,John Taylor,john.taylor1268@example.com
1269,Isabella Garcia,isabella.garcia1269@example.com
1270,Lucas Rodriguez,lucas.rodriguez1270@example.com
1271,John Thomas,john.thomas1271@example.com
1272,Sarah Johnson,sarah.johnson1272@example.com
1273,Sarah Walker,sarah.walker1273@example.com
1274,Isabella Lee,isabella.lee1274@example.com
1275,Ethan Lewis,ethan.lewis1275@example.com
1276,Mason Martinez,mason.martinez1276@example.com
1277,Amelia Anderson,amelia.anderson1277@example.com
1278,Amelia Martin,amelia.martin1278@example.com
1279,Ethan Robinson,ethan.robinson1279@example.com
1280,John Doe,john.doe1280@example.com
1281,Isabella Rodriguez,isabella.rodriguez1281@example.com
1282,Lucas Rodriguez,lucas.rodriguez1282@example.com
1283,Mike Thompson,mike.thompson1283@example.com
1284,Mason Lewis,mason.lewis1284@example.com
1285,Logan Robinson,logan.robinson1285@example.com
1286,Sophia Robinson,sophia.robinson1286@example.com
1287,Isabella Clark,isabella.clark1287@example.com
1288,Mike Thomas,mike.thomas1288@example.com
1289,Logan Clark,logan.clark1289@example.com
1290,Mason Martin,mason.martin1290@example.com
1291,Emma Thomas,emma.thomas1291@example.com
1292,Sarah Martin,sarah.martin1292@example.com
1293,Lucas Martin,lucas.martin1293@example.com
1294,Bob Walker,bob.walker1294@example.com
1295,Olivia Walker,olivia.walker1295@example.com
1296,Emma Doe,emma.doe1296@example.com
1297,Jane Martin,jane.martin1297@example.com
1298,Ethan Lewis,ethan.lewis1298@example.com
1299,Bob Thomas,bob.thomas1299@example.com
1300,Logan Walker,logan.walker1300@example.com
1301,Ethan Thompson,ethan.thompson1301@example.com
1302,Logan Robinson,logan.robinson1302@example.com
1303,Mike Jackson,mike.jackson1303@example.com
1304,Mike Thomas,mike.thomas1304@example.com
1305,Noah Thompson,noah.thompson1305@example.com
1306,Lucas Brown,lucas.brown1306@example.com
1307,Logan Jackson,logan.jackson1307@example.com
1308,Harper Brown,harper.brown1308@example.com
1309,Ethan Martin,ethan.martin1309@example.com
1310,Amelia Garcia,amelia.garcia1310@example.com
1311,Harper Johnson,harper.johnson1311@example.com
1312,Mason Lewis,mason.lewis1312@example.com
1313,Olivia Doe,olivia.doe1313@example.com
1314,Ava Anderson,ava.anderson1314@example.com
1315,Ava Smith,ava.smith1315@example.com
1316,Elijah Thomas,elijah.thomas1316@example.com
1317,Isabella Martin,isabella.martin1317@example.com
1318,Lucas Garcia,lucas.garcia1318@example.com
1319,Elijah Robinson,elijah.robinson1319@example.com
1320,Logan Taylor,logan.taylor1320@example.com
1321,Isabella Rodriguez,isabella.rodriguez1321@example.com
1322,Sarah Rodriguez,sarah.rodriguez1322@example.com
1323,Emma Robinson,emma.robinson1323@example.com
1324,Mike Smith,mike.smith1324@example.com
1325,Mia Doe,mia.doe1325@example.com
1326,Sophia Smith,sophia.smith1326@example.com
1327,Amelia Walker,amelia.walker1327@example.com
1328,Amelia Robinson,amelia.robinson1328@example.com
1329,Liam Lewis,liam.lewis1329@example.com
1330,Ethan Walker,ethan.walker1330@example.com
1331,Isabella Johnson,isabella.johnson1331@example.com
1332,Ethan Jackson,ethan.jackson1332@example.com
1333,Mia Jackson,mia.jackson1333@example.com
1334,Mike Lewis,mike.lewis1334@example.com
1335,Liam Walker,liam.walker1335@example.com
1336,Mia Harris,mia.harris1336@example.com
1337,Mia Martin,mia.martin1337@example.com
1338,Liam Rodriguez,liam.rodriguez1338@example.com
1339,Olivia Doe,olivia.doe1339@example.com
1340,Olivia Doe,olivia.doe1340@example.com
1341,Noah Brown,noah.brown1341@example.com
1342,Ethan Walker,ethan.walker1342@example.com
1343,Amelia Anderson,amelia.anderson1343@example.com
1344,Sarah Anderson,sarah.anderson1344@example.com
1345,Noah Brown,noah.brown1345@example.com
1346,Liam Rodriguez,liam.rodriguez1346@example.com
1347,Mason Jackson,mason.jackson1347@example.com
1348,Isabella Thompson,isabella.thompson1348@example.com
1349,Amelia Jackson,amelia.jackson1349@example.com
1350,Amelia Rodriguez,amelia.rodriguez1350@example.com
1351,Liam Smith,liam.smith1351@example.com
1352,Sarah Robinson,sarah.robinson1352@example.com
1353,Mia Doe,mia.doe1353@example.com
1354,Amelia Johnson,amelia.johnson1354@example.com
1355,Sarah Robinson,sarah.robinson1355@example.com
1356,Mia Lee,mia.lee1356@example.com
1357,Ava Garcia,ava.garcia1357@example.com
1358,John Lee,john.lee1358@example.com
1359,Jane Johnson,jane.johnson1359@example.com
1360,Mason Jackson,mason.jackson1360@example.com
1361,Mason Harris,mason.harris1361@example.com
1362,Liam Garcia,liam.garcia1362@example.com
1363,Sarah Martinez,sarah.martinez1363@example.com
1364,Noah Robinson,noah.robinson1364@example.com
1365,Olivia Robinson,olivia.robinson1365@example.com
1366,Sophia White,sophia.white1366@example.com
1367,Amelia Martinez,amelia.martinez1367@example.com
1368,Mike Brown,mike.brown1368@example.com
1369,Bob Robinson,bob.robinson1369@example.com
1370,Harper Thomas,harper.thomas1370@example.com
1371,Olivia Garcia,olivia.garcia1371@example.com
1372,Amelia Clark,amelia.clark1372@example.com
1373,Bob Clark,bob.clark1373@example.com
1374,Olivia Johnson,olivia.johnson1374@example.com
1375,Logan Anderson,logan.anderson1375@example.com
1376,Lucas Brown,lucas.brown1376@example.com
1377,Harper Lewis,harper.lewis1377@example.com
1378,Lucas Martinez,lucas.martinez1378@example.com
1379,Emma Anderson,emma.anderson1379@example.com
1380,John Clark,john.clark1380@example.com
1381,Isabella Thomas,isabella.thomas1381@example.com
1382,Sophia Walker,sophia.walker1382@example.com
1383,Bob Doe,bob.doe1383@example.com
1384,Mason Smith,mason.smith1384@example.com
1385,Logan Martinez,logan.martinez1385@example.com
1386,Harper Lewis,harper.lewis1386@example.com
1387,Emma Clark,emma.clark1387@example.com
1388,Emma Martinez,emma.martinez1388@example.com
1389,Emma Lee,emma.lee1389@example.com
1390,Ethan White,ethan.white1390@example.com
1391,Sophia Walker,sophia.walker1391@example.com
1392,Amelia Robinson,amelia.robinson1392@example.com
1393,Olivia Lewis,olivia.lewis1393@example.com
1394,Bob Walker,bob.walker1394@example.com
1395,Elijah Clark,elijah.clark1395@example.com
1396,Ava Jackson,ava.jackson1396@example.com
1397,Bob Harris,bob.harris1397@example.com
1398,Amelia Clark,amelia.clark1398@example.com
1399,Mia Doe,mia.doe1399@example.com
1400,Ethan Martinez,ethan.martinez1400@example.com
1401,Lucas Lee,lucas.lee1401@example.com
1402,Liam Walker,liam.walker1402@example.com
1403,Ethan Martin,ethan.martin1403@example.com
1404,Olivia Martin,olivia.martin1404@example.com
1405,Lucas Taylor,lucas.taylor1405@example.com
1406,John Anderson,john.anderson1406@example.com
1407,Olivia Thomas,olivia.thomas1407@example.com
1408,Jane Martin,jane.martin1408@example.com
1409,Mike Jackson,mike.jackson1409@example.com
1410,Ethan Doe,ethan.doe1410@example.com
1411,Jane Brown,jane.brown1411@example.com
1412,Ava Thompson,ava.thompson1412@example.com
1413,Ava Lee,ava.lee1413@example.com
1414,John Thomas,john.thomas1414@example.com
1415,Noah Clark,noah.clark1415@example.com
1416,Liam Thomas,liam.thomas1416@example.com
1417,Lucas Doe,lucas.doe1417@example.com
1418,Ethan Harris,ethan.harris1418@example.com
1419,Ava Robinson,ava.robinson1419@example.com
1420,Mason Lee,mason.lee1420@example.com
1421,Ethan Anderson,ethan.anderson1421@example.com
1422,Sarah Thompson,sarah.thompson1422@example.com
1423,Jane Thompson,jane.thompson1423@example.com
1424,Mason Lee,mason.lee1424@example.com
1425,Ava Rodriguez,ava.rodriguez1425@example.com
1426,Emma Walker,emma.walker1426@example.com
1427,Sophia Anderson,sophia.anderson1427@example.com
1428,Amelia White,amelia.white1428@example.com
1429,Harper Robinson,harper.robinson1429@example.com
1430,Logan Taylor,logan.taylor1430@example.com
1431,Harper Jackson,harper.jackson1431@example.com
1432,Logan Thomas,logan.thomas1432@example.com
1433,Olivia Doe,olivia.doe1433@example.com
1434,Logan Thompson,logan.thompson1434@example.com
1435,John White,john.white1435@example.com
1436,Lucas Harris,lucas.harris1436@example.com
1437,Elijah Clark,elijah.clark1437@example.com
1438,Sarah Thompson,sarah.thompson1438@example.com
1439,Logan Martinez,logan.martinez1439@example.com
1440,Logan Robinson,logan.robinson1440@example.com
1441,Logan Garcia,logan.garcia1441@example.com
1442,Mia Garcia,mia.garcia1442@example.com
1443,Sophia Brown,sophia.brown1443@example.com
1444,Harper Walker,harper.walker1444@example.com
1445,Lucas Harris,lucas.harris1445@example.com
1446,Mike Garcia,mike.garcia1446@example.com
1447,Harper Robinson,harper.robinson1447@example.com
1448,Sarah Garcia,sarah.garcia1448@example.com
1449,John Thompson,john.thompson1449@example.com
1450,Sophia Rodriguez,sophia.rodriguez1450@example.com
1451,Sarah Smith,sarah.smith1451@example.com
1452,Ava Doe,ava.doe1452@example.com
1453,Jane Martinez,jane.martinez1453@example.com
1454,John Martinez,john.martinez1454@example.com
1455,Emma Lewis,emma.lewis1455@example.com
1456,Amelia Robinson,amelia.robinson1456@example.com
1457,Bob Walker,bob.walker1457@example.com
1458,Ethan Robinson,ethan.robinson1458@example.com
1459,Sophia Martinez,sophia.martinez1459@example.com
1460,Isabella Lee,isabella.lee1460@example.com
1461,Logan Clark,logan.clark1461@example.com
1462,Mason Rodriguez,mason.rodriguez1462@example.com
1463,Mason Smith,mason.smith1463@example.com
1464,Mia Brown,mia.brown1464@example.com
1465,Isabella Walker,isabella.walker1465@example.com
1466,Liam Doe,liam.doe1466@example.com
1467,Elijah Martinez,elijah.martinez1467@example.com
1468,Mia Clark,mia.clark1468@example.com
1469,Noah Anderson,noah.anderson1469@example.com
1470,Sarah Robinson,sarah.robinson1470@example.com
1471,Olivia Anderson,olivia.anderson1471@example.com
1472,Lucas Jackson,lucas.jackson1472@example.com
1473,Ethan Rodriguez,ethan.rodriguez1473@example.com
1474,Mike Robinson,mike.robinson1474@example.com
1475,Sarah Clark,sarah.clark1475@example.com
1476,Elijah Harris,elijah.harris1476@example.com
1477,Ava Lewis,ava.lewis1477@example.com
1478,Mike Jackson,mike.jackson1478@example.com
1479,John Doe,john.doe1479@example.com
1480,Mason Robinson,mason.robinson1480@example.com
1481,Amelia Taylor,amelia.taylor1481@example.com
1482,Amelia Rodriguez,amelia.rodriguez1482@example.com
1483,Harper Jackson,harper.jackson1483@example.com
1484,Sarah Garcia,sarah.garcia1484@example.com
1485,Mia Johnson,mia.johnson1485@example.com
1486,Amelia Brown,amelia.brown1486@example.com
1487,Mason White,mason.white1487@example.com
1488,Olivia White,olivia.white1488@example.com
1489,Noah Lee,noah.lee1489@example.com
1490,Sophia Smith,sophia.smith1490@example.com
1491,Emma Brown,emma.brown1491@example.com
1492,Mia Thomas,mia.thomas1492@example.com
1493,Liam Walker,liam.walker1493@example.com
1494,Liam Smith,liam.smith1494@example.com
1495,Ava Rodriguez,ava.rodriguez1495@example.com
1496,Amelia Garcia,amelia.garcia1496@example.com
1497,Sophia Thomas,sophia.thomas1497@example.com
1498,Mike Jackson,mike.jackson1498@example.com
1499,Bob Doe,bob.doe1499@example.com
1500,Logan Walker,logan.walker1500@example.com
1501,Mason Jackson,mason.jackson1501@example.com
1502,Noah Anderson,noah.anderson1502@example.com
1503,Amelia Taylor,amelia.taylor1503@example.com
1504,Isabella Doe,isabella.doe1504@example.com
1505,Lucas Thompson,lucas.thompson1505@example.com
1506,Jane Clark,jane.clark1506@example.com
1507,Mia Walker,mia.walker1507@example.com
1508,Liam Smith,liam.smith1508@example.com
1509,John Martinez,john.martinez1509@example.com
1510,Isabella Smith,isabella.smith1510@example.com
1511,Olivia Thomas,olivia.thomas1511@example.com
1512,Elijah Martinez,elijah.martinez1512@example.com
1513,Elijah Brown,elijah.brown1513@example.com
1514,Sarah Robinson,sarah.robinson1514@example.com
1515,Liam Anderson,liam.anderson1515@example.com
1516,Mia Jackson,mia.jackson1516@example.com
1517,Amelia Anderson,amelia.anderson1517@example.com
1518,Ava Lewis,ava.lewis1518@example.com
1519,Mike Smith,mike.smith1519@example.com
1520,Logan Smith,logan.smith1520@example.com
1521,Mason Clark,mason.clark1521@example.com
1522,Ethan Lee,ethan.lee1522@example.com
1523,Olivia Robinson,olivia.robinson1523@example.com
1524,Jane Smith,jane.smith1524@example.com
1525,Ava Rodriguez,ava.rodriguez1525@example.com
1526,Noah Martinez,noah.martinez1526@example.com
1527,Bob Doe,bob.doe1527@example.com
1528,Noah Robinson,noah.robinson1528@example.com
1529,Lucas Jackson,lucas.jackson1529@example.com
1530,Amelia Smith,amelia.smith1530@example.com
1531,Bob Lee,bob.lee1531@example.com
1532,Sophia Thomas,sophia.thomas1532@example.com
1533,Mia Thompson,mia.thompson1533@example.com
1534,Logan Martin,logan.martin1534@example.com
1535,Ava Thomas,ava.thomas1535@example.com
1536,Liam Johnson,liam.johnson1536@example.com
1537,Mike Smith,mike.smith1537@example.com
1538,Liam Walker,liam.walker1538@example.com
1539,Olivia Rodriguez,olivia.rodriguez1539@example.com
1540,Mike Lee,mike.lee1540@example.com
1541,Logan Thompson,logan.thompson1541@example.com
1542,Harper Doe,harper.doe1542@example.com
1543,Mia Lewis,mia.lewis1543@example.com
1544,Elijah Taylor,elijah.taylor1544@example.com
1545,Noah Johnson,noah.johnson1545@example.com
1546,Jane Garcia,jane.garcia1546@example.com
1547,Mia Brown,mia.brown1547@example.com
1548,Sarah Jackson,sarah.jackson1548@example.com
1549,Ethan Rodriguez,ethan.rodriguez1549@example.com
1550,Olivia Anderson,olivia.anderson1550@example.com
1551,Emma Thompson,emma.thompson1551@example.com
1552,Mason Clark,mason.clark1552@example.com
1553,Amelia Rodriguez,amelia.rodriguez1553@example.com
1554,Logan Lee,logan.lee1554@example.com
1555,Logan Harris,logan.harris1555@example.com
1556,Logan Harris,logan.harris1556@example.com
1557,Mike Martin,mike.martin1557@example.com
1558,Noah Taylor,noah.taylor1558@example.com
1559,Jane White,jane.white1559@example.com
1560,Harper Taylor,harper.taylor1560@example.com
1561,Ethan Anderson,ethan.anderson1561@example.com
1562,John Doe,john.doe1562@example.com
1563,Lucas Walker,lucas.walker1563@example.com
1564,Logan Johnson,logan.johnson1564@example.com
1565,Bob Lee,bob.lee1565@example.com
1566,Ava Garcia,ava.garcia1566@example.com
1567,Noah Anderson,noah.anderson1567@example.com
1568,Ava Martin,ava.martin1568@example.com
1569,Bob Clark,bob.clark1569@example.com
1570,Sarah Rodriguez,sarah.rodriguez1570@example.com
1571,Amelia Johnson,amelia.johnson1571@example.com
1572,Mike Brown,mike.brown1572@example.com
1573,Ethan Smith,ethan.smith1573@example.com
1574,Noah Smith,noah.smith1574@example.com
1575,Elijah Lewis,elijah.lewis1575@example.com
1576,Isabella Clark,isabella.clark1576@example.com
1577,Mike Martin,mike.martin1577@example.com
1578,Sophia Thomas,sophia.thomas1578@example.com
1579,Mia Johnson,mia.johnson1579@example.com
1580,John Jackson,john.jackson1580@example.com
1581,Isabella Doe,isabella.doe1581@example.com
1582,Noah Taylor,noah.taylor1582@example.com
1583,Lucas Johnson,lucas.johnson1583@example.com
1584,Liam Smith,liam.smith1584@example.com
1585,Noah Martinez,noah.martinez1585@example.com
1586,Ethan Brown,ethan.brown1586@example.com
1587,Lucas Harris,lucas.harris1587@example.com
1588,Sarah Martinez,sarah.martinez1588@example.com
1589,Mike Thompson,mike.thompson1589@example.com
1590,Ethan Doe,ethan.doe1590@example.com
1591,Logan Lee,logan.lee1591@example.com
1592,John Martinez,john.martinez1592@example.com
1593,Mia Harris,mia.harris1593@example.com
1594,Liam Garcia,liam.garcia1594@example.com
1595,Mike Martin,mike.martin1595@example.com
1596,Sarah Harris,sarah.harris1596@example.com
1597,Logan Harris,logan.harris1597@example.com
1598,Noah Taylor,noah.taylor1598@example.com
1599,Mia Lewis,mia.lewis1599@example.com
1600,Mia Taylor,mia.taylor1600@example.com
1601,Jane Garcia,jane.garcia1601@example.com
1602,Amelia Robinson,amelia.robinson1602@example.com
1603,Mason Brown,mason.brown1603@example.com
1604,Mason Robinson,mason.robinson1604@example.com
1605,Liam Brown,liam.brown1605@example.com
1606,Sarah Martin,sarah.martin1606@example.com
1607,Noah Clark,noah.clark1607@example.com
1608,Isabella Rodriguez,isabella.rodriguez1608@example.com
1609,Sophia Martin,sophia.martin1609@example.com
1610,Harper Jackson,harper.jackson1610@example.com
1611,Olivia Harris,olivia.harris1611@example.com
1612,Isabella Taylor,isabella.taylor1612@example.com
1613,Isabella Thompson,isabella.thompson1613@example.com
1614,Amelia Martin,amelia.martin1614@example.com
1615,Mike Martinez,mike.martinez1615@example.com
1616,Sarah Clark,sarah.clark1616@example.com
1617,Harper Brown,harper.brown1617@example.com
1618,Mike Robinson,mike.robinson1618@example.com
1619,Sarah Harris,sarah.harris1619@example.com
1620,Bob Harris,bob.harris1620@example.com
1621,Elijah Martinez,elijah.martinez1621@example.com
1622,Isabella Jackson,isabella.jackson1622@example.com
1623,Sarah Thompson,sarah.thompson1623@example.com
1624,Ava Martin,ava.martin1624@example.com
1625,Noah Doe,noah.doe1625@example.com
1626,Isabella Lewis,isabella.lewis1626@example.com
1627,Isabella Johnson,isabella.johnson1627@example.com
1628,Mason Johnson,mason.johnson1628@example.com
1629,Olivia Doe,olivia.doe1629@example.com
1630,Sophia Lee,sophia.lee1630@example.com
1631,Mike Garcia,mike.garcia1631@example.com
1632,Jane Thomas,jane.thomas1632@example.com
1633,Logan Lewis,logan.lewis1633@example.com
1634,Mia Thompson,mia.thompson1634@example.com
1635,Logan Jackson,logan.jackson1635@example.com
1636,John Rodriguez,john.rodriguez1636@example.com
1637,Ava Doe,ava.doe1637@example.com
1638,John Jackson,john.jackson1638@example.com
1639,Amelia Robinson,amelia.robinson1639@example.com
1640,Ava Robinson,ava.robinson1640@example.com
1641,Mia White,mia.white1641@example.com
1642,John Taylor,john.taylor1642@example.com
1643,Noah White,noah.white1643@example.com
1644,Jane Johnson,jane.johnson1644@example.com
1645,Mike Doe,mike.doe1645@example.com
1646,John Martinez,john.martinez1646@example.com
1647,Sarah Doe,sarah.doe1647@example.com
1648,Noah Thomas,noah.thomas1648@example.com
1649,Mia Jackson,mia.jackson1649@example.com
1650,Mason Smith,mason.smith1650@example.com
1651,Sophia Johnson,sophia.johnson1651@example.com
1652,Jane Lewis,jane.lewis1652@example.com
1653,Logan Brown,logan.brown1653@example.com
1654,Noah Clark,noah.clark1654@example.com
1655,Liam Rodriguez,liam.rodriguez1655@example.com
1656,Mike Doe,mike.doe1656@example.com
1657,Bob White,bob.white1657@example.com
1658,Ethan Smith,ethan.smith1658@example.com
1659,John Johnson,john.johnson1659@example.com
1660,Jane Johnson,jane.johnson1660@example.com
1661,Amelia Garcia,amelia.garcia1661@example.com
1662,Lucas Taylor,lucas.taylor1662@example.com
1663,Mia Garcia,mia.garcia1663@example.com
1664,Jane Garcia,jane.garcia1664@example.com
1665,Bob Thomas,bob.thomas1665@example.com
1666,Liam Thompson,liam.thompson1666@example.com
1667,Bob Doe,bob.doe1667@example.com
1668,Liam Brown,liam.brown1668@example.com
1669,Noah Martin,noah.martin1669@example.com
1670,Ava Walker,ava.walker1670@example.com
1671,Lucas Jackson,lucas.jackson1671@example.com
1672,Sophia Jackson,sophia.jackson1672@example.com
1673,Sophia Thompson,sophia.thompson1673@example.com
1674,John White,john.white1674@example.com
1675,Elijah Johnson,elijah.johnson1675@example.com
1676,Jane Doe,jane.doe1676@example.com
1677,Isabella White,isabella.white1677@example.com
1678,Harper Garcia,harper.garcia1678@example.com
1679,Sarah Smith,sarah.smith1679@example.com
1680,Logan Martin,logan.martin1680@example.com
1681,Mason Thompson,mason.thompson1681@example.com
1682,Liam Johnson,liam.johnson1682@example.com
1683,Noah Thompson,noah.thompson1683@example.com
1684,Ava Robinson,ava.robinson1684@example.com
1685,John Smith,john.smith1685@example.com
1686,Ava Lee,ava.lee1686@example.com
1687,Mike White,mike.white1687@example.com
1688,John Doe,john.doe1688@example.com
1689,Ethan Taylor,ethan.taylor1689@example.com
1690,Ava Rodriguez,ava.rodriguez1690@example.com
1691,Mia Smith,mia.smith1691@example.com
1692,John Garcia,john.garcia1692@example.com
1693,John Rodriguez,john.rodriguez1693@example.com
1694,Ava Lee,ava.lee1694@example.com
1695,Olivia Harris,olivia.harris1695@example.com
1696,Mia Harris,mia.harris1696@example.com
1697,Mason Jackson,mason.jackson1697@example.com
1698,Amelia Taylor,amelia.taylor1698@example.com
1699,Bob Lewis,bob.lewis1699@example.com
1700,Mia Walker,mia.walker1700@example.com
1701,Ava Doe,ava.doe1701@example.com
1702,John Jackson,john.jackson1702@example.com
1703,Lucas Anderson,lucas.anderson1703@example.com
1704,Jane Brown,jane.brown1704@example.com
1705,Harper Robinson,harper.robinson1705@example.com
1706,Mia Lewis,mia.lewis1706@example.com
1707,Ethan Martin,ethan.martin1707@example.com
1708,Sarah Harris,sarah.harris1708@example.com
1709,Sarah Taylor,sarah.taylor1709@example.com
1710,Elijah Anderson,elijah.anderson1710@example.com
1711,Mike Johnson,mike.johnson1711@example.com
1712,Mia Martinez,mia.martinez1712@example.com
1713,Lucas Brown,lucas.brown1713@example.com
1714,Lucas Jackson,lucas.jackson1714@example.com
1715,Jane Martin,jane.martin1715@example.com
1716,Bob Martin,bob.martin1716@example.com
1717,Mike Robinson,mike.robinson1717@example.com
1718,Sophia Robinson,sophia.robinson1718@example.com
1719,Lucas Garcia,lucas.garcia1719@example.com
1720,Elijah Jackson,elijah.jackson1720@example.com
1721,Mason Lewis,mason.lewis1721@example.com
1722,Liam Garcia,liam.garcia1722@example.com
1723,Mason White,mason.white1723@example.com
1724,Noah Taylor,noah.taylor1724@example.com
1725,Noah Rodriguez,noah.rodriguez1725@example.com
1726,Ava Walker,ava.walker1726@example.com
1727,Lucas Martin,lucas.martin1727@example.com
1728,Sophia Lewis,sophia.lewis1728@example.com
1729,Ava Lee,ava.lee1729@example.com
1730,Mia Lewis,mia.lewis1730@example.com
1731,Mia Lewis,mia.lewis1731@example.com
1732,Liam Walker,liam.walker1732@example.com
1733,John Thompson,john.thompson1733@example.com
1734,John Smith,john.smith1734@example.com
1735,Mia Doe,mia.doe1735@example.com
1736,Lucas Robinson,lucas.robinson1736@example.com
1737,Jane Thomas,jane.thomas1737@example.com
1738,Bob Jackson,bob.jackson1738@example.com
1739,Ethan Thomas,ethan.thomas1739@example.com
1740,Logan Johnson,logan.johnson1740@example.com
1741,John Robinson,john.robinson1741@example.com
1742,Ethan Lewis,ethan.lewis1742@example.com
1743,Logan Anderson,logan.anderson1743@example.com
1744,Mason Brown,mason.brown1744@example.com
1745,Ava Jackson,ava.jackson1745@example.com
1746,Logan Rodriguez,logan.rodriguez1746@example.com
1747,John Robinson,john.robinson1747@example.com
1748,Elijah Harris,elijah.harris1748@example.com
1749,Amelia Thompson,amelia.thompson1749@example.com
1750,Ava Brown,ava.brown1750@example.com
1751,Sarah Robinson,sarah.robinson1751@example.com
1752,Isabella Martinez,isabella.martinez1752@example.com
1753,Olivia Thomas,olivia.thomas1753@example.com
1754,Bob Thomas,bob.thomas1754@example.com
1755,Sarah Lee,sarah.lee1755@example.com
1756,Harper Harris,harper.harris1756@example.com
1757,Elijah Anderson,elijah.anderson1757@example.com
1758,Mike Jackson,mike.jackson1758@example.com
1759,Isabella Jackson,isabella.jackson1759@example.com
1760,Ethan Garcia,ethan.garcia1760@example.com
1761,Bob Taylor,bob.taylor1761@example.com
1762,Jane Thompson,jane.thompson1762@example.com
1763,Mason Taylor,mason.taylor1763@example.com
1764,Mia Walker,mia.walker1764@example.com
1765,Bob White,bob.white1765@example.com
1766,Sophia Martinez,sophia.martinez1766@example.com
1767,Ava Jackson,ava.jackson1767@example.com
1768,Bob Harris,bob.harris1768@example.com
1769,Harper Walker,harper.walker1769@example.com
1770,Logan Walker,logan.walker1770@example.com
1771,Amelia Harris,amelia.harris1771@example.com
1772,Noah Thompson,noah.thompson1772@example.com
1773,Mason Brown,mason.brown1773@example.com
1774,Elijah Walker,elijah.walker1774@example.com
1775,Elijah Robinson,elijah.robinson1775@example.com
1776,Elijah Thompson,elijah.thompson1776@example.com
1777,Liam Brown,liam.brown1777@example.com
1778,Ava Garcia,ava.garcia1778@example.com
1779,Liam Lewis,liam.lewis1779@example.com
1780,Olivia Rodriguez,olivia.rodriguez1780@example.com
1781,John Clark,john.clark1781@example.com
1782,Jane Robinson,jane.robinson1782@example.com
1783,Ava Brown,ava.brown1783@example.com
1784,John Martinez,john.martinez1784@example.com
1785,Amelia Rodriguez,amelia.rodriguez1785@example.com
1786,Isabella Garcia,isabella.garcia1786@example.com
1787,Noah Walker,noah.walker1787@example.com
1788,Sophia Thomas,sophia.thomas1788@example.com
1789,Logan Martin,logan.martin1789@example.com
1790,Bob Doe,bob.doe1790@example.com
1791,Elijah Thomas,elijah.thomas1791@example.com
1792,Sarah Harris,sarah.harris1792@example.com
1793,Olivia Walker,olivia.walker1793@example.com
1794,Ava Taylor,ava.taylor1794@example.com
1795,Emma White,emma.white1795@example.com
1796,Jane Jackson,jane.jackson1796@example.com
1797,Amelia Rodriguez,amelia.rodriguez1797@example.com
1798,Sophia Clark,sophia.clark1798@example.com
1799,Amelia Rodriguez,amelia.rodriguez1799@example.com
1800,Harper Clark,harper.clark1800@example.com
1801,John Lewis,john.lewis1801@example.com
1802,Noah Smith,noah.smith1802@example.com
1803,Logan Harris,logan.harris1803@example.com
1804,Elijah Walker,elijah.walker1804@example.com
1805,Lucas White,lucas.white1805@example.com
1806,Elijah Anderson,elijah.anderson1806@example.com
1807,Emma Rodriguez,emma.rodriguez1807@example.com
1808,Amelia Thomas,amelia.thomas1808@example.com
1809,Amelia Lewis,amelia.lewis1809@example.com
1810,Harper Clark,harper.clark1810@example.com
1811,Isabella Martin,isabella.martin1811@example.com
1812,Ethan Martinez,ethan.martinez1812@example.com
1813,Mia Smith,mia.smith1813@example.com
1814,Mike Smith,mike.smith1814@example.com
1815,Mia Martin,mia.martin1815@example.com
1816,Sophia Garcia,sophia.garcia1816@example.com
1817,Sarah Garcia,sarah.garcia1817@example.com
1818,Mike Lewis,mike.lewis1818@example.com
1819,Ava Anderson,ava.anderson1819@example.com
1820,Ava Rodriguez,ava.rodriguez1820@example.com
1821,John Clark,john.clark1821@example.com
1822,Isabella Robinson,isabella.robinson1822@example.com
1823,Isabella Smith,isabella.smith1823@example.com
1824,Mike Thompson,mike.thompson1824@example.com
1825,Isabella Lewis,isabella.lewis1825@example.com
1826,Elijah Doe,elijah.doe1826@example.com
1827,Mia Brown,mia.brown1827@example.com
1828,John Taylor,john.taylor1828@example.com
1829,Mike Garcia,mike.garcia1829@example.com
1830,Bob Clark,bob.clark1830@example.com
1831,Sophia Jackson,sophia.jackson1831@example.com
1832,Harper Brown,harper.brown1832@example.com
1833,Olivia Clark,olivia.clark1833@example.com
1834,John Lewis,john.lewis1834@example.com
1835,Sophia Walker,sophia.walker1835@example.com
1836,Amelia Martinez,amelia.martinez1836@example.com
1837,Mike Taylor,mike.taylor1837@example.com
1838,Mason Harris,mason.harris1838@example.com
1839,Lucas Rodriguez,lucas.rodriguez1839@example.com
1840,Sarah Brown,sarah.brown1840@example.com
1841,Isabella Rodriguez,isabella.rodriguez1841@example.com
1842,Noah Lee,noah.lee1842@example.com
1843,Isabella Garcia,isabella.garcia1843@example.com
1844,Mason Harris,mason.harris1844@example.com
1845,Noah Rodriguez,noah.rodriguez1845@example.com
1846,Jane Clark,jane.clark1846@example.com
1847,Lucas Walker,lucas.walker1847@example.com
1848,Isabella Brown,isabella.brown1848@example.com
1849,Ethan Anderson,ethan.anderson1849@example.com
1850,John Lewis,john.lewis1850@example.com
1851,Sophia Harris,sophia.harris1851@example.com
1852,Isabella Martinez,isabella.martinez1852@example.com
1853,Lucas Garcia,lucas.garcia1853@example.com
1854,Olivia Taylor,olivia.taylor1854@example.com
1855,Noah Walker,noah.walker1855@example.com
1856,Liam Doe,liam.doe1856@example.com
1857,Sophia Garcia,sophia.garcia1857@example.com
1858,Amelia Smith,amelia.smith1858@example.com
1859,Elijah Taylor,elijah.taylor1859@example.com
1860,Isabella Robinson,isabella.robinson1860@example.com
1861,Jane Brown,jane.brown1861@example.com
1862,Amelia Thomas,amelia.thomas1862@example.com
1863,Bob Robinson,bob.robinson1863@example.com
1864,Mike Doe,mike.doe1864@example.com
1865,Olivia Robinson,olivia.robinson1865@example.com
1866,Emma Doe,emma.doe1866@example.com
1867,Amelia Jackson,amelia.jackson1867@example.com
1868,Olivia Thomas,olivia.thomas1868@example.com
1869,Ava Johnson,ava.johnson1869@example.com
1870,Mia Smith,mia.smith1870@example.com
1871,Logan Johnson,logan.johnson1871@example.com
1872,John Martinez,john.martinez1872@example.com
1873,Isabella Harris,isabella.harris1873@example.com
1874,Mia Taylor,mia.taylor1874@example.com
1875,Bob White,bob.white1875@example.com
1876,Ethan Johnson,ethan.johnson1876@example.com
1877,Emma Rodriguez,emma.rodriguez1877@example.com
1878,Liam Clark,liam.clark1878@example.com
1879,Isabella White,isabella.white1879@example.com
1880,Isabella Martin,isabella.martin1880@example.com
1881,Ava Lewis,ava.lewis1881@example.com
1882,Noah Doe,noah.doe1882@example.com
1883,Isabella Jackson,isabella.jackson1883@example.com
1884,Liam Smith,liam.smith1884@example.com
1885,Ethan Anderson,ethan.anderson1885@example.com
1886,Liam Martinez,liam.martinez1886@example.com
1887,Mia Anderson,mia.anderson1887@example.com
1888,Sarah Martin,sarah.martin1888@example.com
1889,Ethan Thompson,ethan.thompson1889@example.com
1890,Mason Jackson,mason.jackson1890@example.com
1891,Ethan Anderson,ethan.anderson1891@example.com
1892,Olivia Clark,olivia.clark1892@example.com
1893,Ava Lewis,ava.lewis1893@example.com
1894,Mike White,mike.white1894@example.com
1895,Bob Anderson,bob.anderson1895@example.com
1896,Amelia Thompson,amelia.thompson1896@example.com
1897,Mike Thompson,mike.thompson1897@example.com
1898,Emma Robinson,emma.robinson1898@example.com
1899,Harper Harris,harper.harris1899@example.com
1900,Ethan Anderson,ethan.anderson1900@example.com
1901,Elijah Robinson,elijah.robinson1901@example.com
1902,Emma Johnson,emma.johnson1902@example.com
1903,Lucas Rodriguez,lucas.rodriguez1903@example.com
1904,Jane White,jane.white1904@example.com
1905,Lucas Rodriguez,lucas.rodriguez1905@example.com
1906,Sarah Walker,sarah.walker1906@example.com
1907,Ava Walker,ava.walker1907@example.com
1908,Ethan Johnson,ethan.johnson1908@example.com
1909,Harper Rodriguez,harper.rodriguez1909@example.com
1910,Mia Clark,mia.clark1910@example.com
1911,Isabella Martinez,isabella.martinez1911@example.com
1912,Sophia Garcia,sophia.garcia1912@example.com
1913,Lucas Thompson,lucas.thompson1913@example.com
1914,Sarah Taylor,sarah.taylor1914@example.com
1915,Harper Walker,harper.walker1915@example.com
1916,Isabella Harris,isabella.harris1916@example.com
1917,Bob Robinson,bob.robinson1917@example.com
1918,Sophia Smith,sophia.smith1918@example.com
1919,Ava Smith,ava.smith1919@example.com
1920,Mia Martin,mia.martin1920@example.com
1921,Mia Martin,mia.martin1921@example.com
1922,Amelia Lee,amelia.lee1922@example.com
1923,Noah Brown,noah.brown1923@example.com
1924,Bob Harris,bob.harris1924@example.com
1925,Noah Rodriguez,noah.rodriguez1925@example.com
1926,Elijah Smith,elijah.smith1926@example.com
1927,Logan Taylor,logan.taylor1927@example.com
1928,Bob Walker,bob.walker1928@example.com
1929,Liam Martinez,liam.martinez1929@example.com
1930,Ava Lee,ava.lee1930@example.com
1931,Liam Martinez,liam.martinez1931@example.com
1932,Liam Thomas,liam.thomas1932@example.com
1933,Harper White,harper.white1933@example.com
1934,Noah Johnson,noah.johnson1934@example.com
1935,Amelia Clark,amelia.clark1935@example.com
1936,Harper Thompson,harper.thompson1936@example.com
1937,John Johnson,john.johnson1937@example.com
1938,John Smith,john.smith1938@example.com
1939,Elijah Taylor,elijah.taylor1939@example.com
1940,Mason Lee,mason.lee1940@example.com
1941,Mason Harris,mason.harris1941@example.com
1942,Emma Thompson,emma.thompson1942@example.com
1943,Sophia Doe,sophia.doe1943@example.com
1944,Harper Lewis,harper.lewis1944@example.com
1945,Elijah Rodriguez,elijah.rodriguez1945@example.com
1946,Lucas Rodriguez,lucas.rodriguez1946@example.com
1947,Mason Clark,mason.clark1947@example.com
1948,Ethan Johnson,ethan.johnson1948@example.com
1949,Noah Harris,noah.harris1949@example.com
1950,Logan Jackson,logan.jackson1950@example.com
1951,Mike Lee,mike.lee1951@example.com
1952,Ava Johnson,ava.johnson1952@example.com
1953,Noah Harris,noah.harris1953@example.com
1954,Lucas Anderson,lucas.anderson1954@example.com
1955,Noah Lee,noah.lee1955@example.com
1956,Mike Martin,mike.martin1956@example.com
1957,Liam Lee,liam.lee1957@example.com
1958,Ethan Martinez,ethan.martinez1958@example.com
1959,Olivia Walker,olivia.walker1959@example.com
1960,Ava Garcia,ava.garcia1960@example.com
1961,Ethan Walker,ethan.walker1961@example.com
1962,Noah Walker,noah.walker1962@example.com
1963,Harper Taylor,harper.taylor1963@example.com
1964,Mia Anderson,mia.anderson1964@example.com
1965,Isabella Doe,isabella.doe1965@example.com
1966,Mason Garcia,mason.garcia1966@example.com
1967,Ava Smith,ava.smith1967@example.com
1968,Ava Anderson,ava.anderson1968@example.com
1969,Jane Brown,jane.brown1969@example.com
1970,Logan Lee,logan.lee1970@example.com
1971,Amelia Jackson,amelia.jackson1971@example.com
1972,Sophia Rodriguez,sophia.rodriguez1972@example.com
1973,Isabella Thompson,isabella.thompson1973@example.com
1974,Logan Smith,logan.smith1974@example.com
1975,Jane Martinez,jane.martinez1975@example.com
1976,John Johnson,john.johnson1976@example.com
1977,Jane Thompson,jane.thompson1977@example.com
1978,Lucas Walker,lucas.walker1978@example.com
1979,Bob Jackson,bob.jackson1979@example.com
1980,Sophia Harris,sophia.harris1980@example.com
1981,John Doe,john.doe1981@example.com
1982,Jane Taylor,jane.taylor1982@example.com
1983,Ava Thompson,ava.thompson1983@example.com
1984,Sarah White,sarah.white1984@example.com
1985,John Robinson,john.robinson1985@example.com
1986,Mia Rodriguez,mia.rodriguez1986@example.com
1987,Logan Thomas,logan.thomas1987@example.com
1988,Mason Lee,mason.lee1988@example.com
1989,Liam Doe,liam.doe1989@example.com
1990,Isabella Taylor,isabella.taylor1990@example.com
1991,Amelia Anderson,amelia.anderson1991@example.com
1992,Sarah Rodriguez,sarah.rodriguez1992@example.com
1993,Lucas Lewis,lucas.lewis1993@example.com
1994,Liam Thomas,liam.thomas1994@example.com
1995,Logan Johnson,logan.johnson1995@example.com
1996,Lucas Jackson,lucas.jackson1996@example.com
1997,Sophia Taylor,sophia.taylor1997@example.com
1998,Logan Thompson,logan.thompson1998@example.com
1999,Mike Thomas,mike.thomas1999@example.com
2000,John Doe,john.doe2000@example.com
